timestamp,state_outage_total
2023-04-01 00:00:00,7996
2023-04-01 01:00:00,8288
2023-04-01 02:00:00,8048
2023-04-01 03:00:00,11190
2023-04-01 04:00:00,12972
2023-04-01 05:00:00,14439
2023-04-01 06:00:00,16659
2023-04-01 07:00:00,15152
2023-04-01 08:00:00,19173
2023-04-01 09:00:00,20970
2023-04-01 10:00:00,17889
2023-04-01 11:00:00,16043
2023-04-01 12:00:00,19444
2023-04-01 13:00:00,14929
2023-04-01 14:00:00,16733
2023-04-01 15:00:00,17638
2023-04-01 16:00:00,18407
2023-04-01 17:00:00,20727
2023-04-01 18:00:00,22413
2023-04-01 19:00:00,15792
2023-04-01 20:00:00,11327
2023-04-01 21:00:00,7139
2023-04-01 22:00:00,6834
2023-04-01 23:00:00,5708
2023-04-02 00:00:00,5384
2023-04-02 01:00:00,6362
2023-04-02 02:00:00,5100
2023-04-02 03:00:00,3305
2023-04-02 04:00:00,5529
2023-04-02 05:00:00,5396
2023-04-02 06:00:00,5135
2023-04-02 07:00:00,3951
2023-04-02 08:00:00,3648
2023-04-02 09:00:00,3580
2023-04-02 10:00:00,3788
2023-04-02 11:00:00,3867
2023-04-02 12:00:00,3913
2023-04-02 13:00:00,4634
2023-04-02 14:00:00,5512
2023-04-02 15:00:00,7473
2023-04-02 16:00:00,6856
2023-04-02 17:00:00,8719
2023-04-02 18:00:00,7723
2023-04-02 19:00:00,6150
2023-04-02 20:00:00,6044
2023-04-02 21:00:00,4551
2023-04-02 22:00:00,3340
2023-04-02 23:00:00,3208
2023-04-03 00:00:00,3272
2023-04-03 01:00:00,3847
2023-04-03 02:00:00,3611
2023-04-03 03:00:00,3544
2023-04-03 04:00:00,2222
2023-04-03 05:00:00,2217
2023-04-03 06:00:00,2207
2023-04-03 07:00:00,2075
2023-04-03 08:00:00,2092
2023-04-03 09:00:00,2073
2023-04-03 10:00:00,2073
2023-04-03 11:00:00,1531
2023-04-03 12:00:00,1774
2023-04-03 13:00:00,1845
2023-04-03 14:00:00,1358
2023-04-03 15:00:00,1567
2023-04-03 16:00:00,1806
2023-04-03 17:00:00,1672
2023-04-03 18:00:00,2964
2023-04-03 19:00:00,1412
2023-04-03 20:00:00,1206
2023-04-03 21:00:00,1284
2023-04-03 22:00:00,1179
2023-04-03 23:00:00,2283
2023-04-04 00:00:00,2166
2023-04-04 01:00:00,855
2023-04-04 02:00:00,2595
2023-04-04 03:00:00,5308
2023-04-04 04:00:00,5465
2023-04-04 05:00:00,5714
2023-04-04 06:00:00,5889
2023-04-04 07:00:00,4306
2023-04-04 08:00:00,4395
2023-04-04 09:00:00,2235
2023-04-04 10:00:00,2474
2023-04-04 11:00:00,1038
2023-04-04 12:00:00,1122
2023-04-04 13:00:00,1257
2023-04-04 14:00:00,1604
2023-04-04 15:00:00,1951
2023-04-04 16:00:00,1772
2023-04-04 17:00:00,1768
2023-04-04 18:00:00,2439
2023-04-04 19:00:00,3661
2023-04-04 20:00:00,1330
2023-04-04 21:00:00,1311
2023-04-04 22:00:00,3259
2023-04-04 23:00:00,3153
2023-04-05 00:00:00,2430
2023-04-05 01:00:00,2507
2023-04-05 02:00:00,2027
2023-04-05 03:00:00,2427
2023-04-05 04:00:00,2833
2023-04-05 05:00:00,4276
2023-04-05 06:00:00,5109
2023-04-05 07:00:00,8353
2023-04-05 08:00:00,9191
2023-04-05 09:00:00,13983
2023-04-05 10:00:00,16729
2023-04-05 11:00:00,18274
2023-04-05 12:00:00,13020
2023-04-05 13:00:00,11823
2023-04-05 14:00:00,14211
2023-04-05 15:00:00,25504
2023-04-05 16:00:00,26512
2023-04-05 17:00:00,24059
2023-04-05 18:00:00,27643
2023-04-05 19:00:00,22873
2023-04-05 20:00:00,20707
2023-04-05 21:00:00,16230
2023-04-05 22:00:00,17713
2023-04-05 23:00:00,13988
2023-04-06 00:00:00,10261
2023-04-06 01:00:00,7134
2023-04-06 02:00:00,8463
2023-04-06 03:00:00,3918
2023-04-06 04:00:00,3359
2023-04-06 05:00:00,3253
2023-04-06 06:00:00,3063
2023-04-06 07:00:00,2205
2023-04-06 08:00:00,3660
2023-04-06 09:00:00,7603
2023-04-06 10:00:00,2810
2023-04-06 11:00:00,1536
2023-04-06 12:00:00,2332
2023-04-06 13:00:00,2873
2023-04-06 14:00:00,6502
2023-04-06 15:00:00,5321
2023-04-06 16:00:00,4858
2023-04-06 17:00:00,2072
2023-04-06 18:00:00,2357
2023-04-06 19:00:00,8009
2023-04-06 20:00:00,4549
2023-04-06 21:00:00,5827
2023-04-06 22:00:00,7154
2023-04-06 23:00:00,5335
2023-04-07 00:00:00,4955
2023-04-07 01:00:00,2568
2023-04-07 02:00:00,2840
2023-04-07 03:00:00,3934
2023-04-07 04:00:00,3701
2023-04-07 05:00:00,3775
2023-04-07 06:00:00,2258
2023-04-07 07:00:00,1050
2023-04-07 08:00:00,674
2023-04-07 09:00:00,608
2023-04-07 10:00:00,1326
2023-04-07 11:00:00,907
2023-04-07 12:00:00,934
2023-04-07 13:00:00,1457
2023-04-07 14:00:00,1010
2023-04-07 15:00:00,561
2023-04-07 16:00:00,568
2023-04-07 17:00:00,555
2023-04-07 18:00:00,461
2023-04-07 19:00:00,1314
2023-04-07 20:00:00,904
2023-04-07 21:00:00,889
2023-04-07 22:00:00,820
2023-04-07 23:00:00,1007
2023-04-08 00:00:00,1141
2023-04-08 01:00:00,1142
2023-04-08 02:00:00,769
2023-04-08 03:00:00,874
2023-04-08 04:00:00,717
2023-04-08 05:00:00,524
2023-04-08 06:00:00,494
2023-04-08 07:00:00,492
2023-04-08 08:00:00,492
2023-04-08 09:00:00,499
2023-04-08 10:00:00,498
2023-04-08 11:00:00,500
2023-04-08 12:00:00,474
2023-04-08 13:00:00,538
2023-04-08 14:00:00,966
2023-04-08 15:00:00,783
2023-04-08 16:00:00,642
2023-04-08 17:00:00,1950
2023-04-08 18:00:00,1998
2023-04-08 19:00:00,1834
2023-04-08 20:00:00,1461
2023-04-08 21:00:00,834
2023-04-08 22:00:00,1032
2023-04-08 23:00:00,1105
2023-04-09 00:00:00,625
2023-04-09 01:00:00,771
2023-04-09 02:00:00,471
2023-04-09 03:00:00,328
2023-04-09 04:00:00,338
2023-04-09 05:00:00,295
2023-04-09 06:00:00,290
2023-04-09 07:00:00,172
2023-04-09 08:00:00,246
2023-04-09 09:00:00,250
2023-04-09 10:00:00,1660
2023-04-09 11:00:00,1437
2023-04-09 12:00:00,1827
2023-04-09 13:00:00,814
2023-04-09 14:00:00,4715
2023-04-09 15:00:00,2946
2023-04-09 16:00:00,3576
2023-04-09 17:00:00,2999
2023-04-09 18:00:00,454
2023-04-09 19:00:00,550
2023-04-09 20:00:00,492
2023-04-09 21:00:00,611
2023-04-09 22:00:00,557
2023-04-09 23:00:00,500
2023-04-10 00:00:00,484
2023-04-10 01:00:00,481
2023-04-10 02:00:00,343
2023-04-10 03:00:00,371
2023-04-10 04:00:00,351
2023-04-10 05:00:00,213
2023-04-10 06:00:00,212
2023-04-10 07:00:00,211
2023-04-10 08:00:00,209
2023-04-10 09:00:00,209
2023-04-10 10:00:00,185
2023-04-10 11:00:00,203
2023-04-10 12:00:00,2055
2023-04-10 13:00:00,5825
2023-04-10 14:00:00,1058
2023-04-10 15:00:00,1225
2023-04-10 16:00:00,1247
2023-04-10 17:00:00,5874
2023-04-10 18:00:00,1144
2023-04-10 19:00:00,2897
2023-04-10 20:00:00,3438
2023-04-10 21:00:00,3711
2023-04-10 22:00:00,2191
2023-04-10 23:00:00,3407
2023-04-11 00:00:00,1869
2023-04-11 01:00:00,1650
2023-04-11 02:00:00,6498
2023-04-11 03:00:00,4110
2023-04-11 04:00:00,4128
2023-04-11 05:00:00,4109
2023-04-11 06:00:00,433
2023-04-11 07:00:00,341
2023-04-11 08:00:00,440
2023-04-11 09:00:00,805
2023-04-11 10:00:00,296
2023-04-11 11:00:00,274
2023-04-11 12:00:00,268
2023-04-11 13:00:00,2217
2023-04-11 14:00:00,3098
2023-04-11 15:00:00,774
2023-04-11 16:00:00,1481
2023-04-11 17:00:00,1657
2023-04-11 18:00:00,1788
2023-04-11 19:00:00,3781
2023-04-11 20:00:00,2812
2023-04-11 21:00:00,1929
2023-04-11 22:00:00,835
2023-04-11 23:00:00,1050
2023-04-12 00:00:00,1003
2023-04-12 01:00:00,1028
2023-04-12 02:00:00,459
2023-04-12 03:00:00,896
2023-04-12 04:00:00,891
2023-04-12 05:00:00,939
2023-04-12 06:00:00,928
2023-04-12 07:00:00,596
2023-04-12 08:00:00,372
2023-04-12 09:00:00,372
2023-04-12 10:00:00,369
2023-04-12 11:00:00,279
2023-04-12 12:00:00,304
2023-04-12 13:00:00,305
2023-04-12 14:00:00,475
2023-04-12 15:00:00,1333
2023-04-12 16:00:00,558
2023-04-12 17:00:00,1273
2023-04-12 18:00:00,1050
2023-04-12 19:00:00,1424
2023-04-12 20:00:00,1999
2023-04-12 21:00:00,2096
2023-04-12 22:00:00,1875
2023-04-12 23:00:00,1584
2023-04-13 00:00:00,2410
2023-04-13 01:00:00,1793
2023-04-13 02:00:00,1104
2023-04-13 03:00:00,980
2023-04-13 04:00:00,1113
2023-04-13 05:00:00,1281
2023-04-13 06:00:00,1284
2023-04-13 07:00:00,1276
2023-04-13 08:00:00,4166
2023-04-13 09:00:00,1001
2023-04-13 10:00:00,1277
2023-04-13 11:00:00,811
2023-04-13 12:00:00,793
2023-04-13 13:00:00,969
2023-04-13 14:00:00,2439
2023-04-13 15:00:00,2729
2023-04-13 16:00:00,1660
2023-04-13 17:00:00,1619
2023-04-13 18:00:00,2714
2023-04-13 19:00:00,2474
2023-04-13 20:00:00,1707
2023-04-13 21:00:00,3129
2023-04-13 22:00:00,1941
2023-04-13 23:00:00,1814
2023-04-14 00:00:00,1870
2023-04-14 01:00:00,1000
2023-04-14 02:00:00,814
2023-04-14 03:00:00,727
2023-04-14 04:00:00,1207
2023-04-14 05:00:00,1172
2023-04-14 06:00:00,1980
2023-04-14 07:00:00,2568
2023-04-14 08:00:00,2609
2023-04-14 09:00:00,1313
2023-04-14 10:00:00,1414
2023-04-14 11:00:00,1646
2023-04-14 12:00:00,1528
2023-04-14 13:00:00,3710
2023-04-14 14:00:00,1132
2023-04-14 15:00:00,1510
2023-04-14 16:00:00,1681
2023-04-14 17:00:00,1665
2023-04-14 18:00:00,1718
2023-04-14 19:00:00,2584
2023-04-14 20:00:00,1131
2023-04-14 21:00:00,1072
2023-04-14 22:00:00,1403
2023-04-14 23:00:00,1286
2023-04-15 00:00:00,995
2023-04-15 01:00:00,1268
2023-04-15 02:00:00,917
2023-04-15 03:00:00,416
2023-04-15 04:00:00,432
2023-04-15 05:00:00,3784
2023-04-15 06:00:00,3763
2023-04-15 07:00:00,3795
2023-04-15 08:00:00,3798
2023-04-15 09:00:00,347
2023-04-15 10:00:00,1913
2023-04-15 11:00:00,1911
2023-04-15 12:00:00,414
2023-04-15 13:00:00,555
2023-04-15 14:00:00,672
2023-04-15 15:00:00,1386
2023-04-15 16:00:00,1745
2023-04-15 17:00:00,1806
2023-04-15 18:00:00,1675
2023-04-15 19:00:00,1607
2023-04-15 20:00:00,1467
2023-04-15 21:00:00,1198
2023-04-15 22:00:00,974
2023-04-15 23:00:00,1800
2023-04-16 00:00:00,1500
2023-04-16 01:00:00,1175
2023-04-16 02:00:00,1127
2023-04-16 03:00:00,1066
2023-04-16 04:00:00,5348
2023-04-16 05:00:00,4849
2023-04-16 06:00:00,4646
2023-04-16 07:00:00,4583
2023-04-16 08:00:00,4518
2023-04-16 09:00:00,4482
2023-04-16 10:00:00,1272
2023-04-16 11:00:00,1200
2023-04-16 12:00:00,1562
2023-04-16 13:00:00,1796
2023-04-16 14:00:00,5020
2023-04-16 15:00:00,8160
2023-04-16 16:00:00,8957
2023-04-16 17:00:00,7058
2023-04-16 18:00:00,1579
2023-04-16 19:00:00,4409
2023-04-16 20:00:00,5424
2023-04-16 21:00:00,18466
2023-04-16 22:00:00,21163
2023-04-16 23:00:00,21678
2023-04-17 00:00:00,19737
2023-04-17 01:00:00,22456
2023-04-17 02:00:00,21933
2023-04-17 03:00:00,20550
2023-04-17 04:00:00,16660
2023-04-17 05:00:00,15709
2023-04-17 06:00:00,11750
2023-04-17 07:00:00,11034
2023-04-17 08:00:00,9017
2023-04-17 09:00:00,8754
2023-04-17 10:00:00,11678
2023-04-17 11:00:00,7291
2023-04-17 12:00:00,11071
2023-04-17 13:00:00,10661
2023-04-17 14:00:00,10025
2023-04-17 15:00:00,10833
2023-04-17 16:00:00,12425
2023-04-17 17:00:00,10283
2023-04-17 18:00:00,10595
2023-04-17 19:00:00,4285
2023-04-17 20:00:00,2914
2023-04-17 21:00:00,2139
2023-04-17 22:00:00,1284
2023-04-17 23:00:00,1032
2023-04-18 00:00:00,781
2023-04-18 01:00:00,1307
2023-04-18 02:00:00,660
2023-04-18 03:00:00,714
2023-04-18 04:00:00,2334
2023-04-18 05:00:00,1544
2023-04-18 06:00:00,2674
2023-04-18 07:00:00,1412
2023-04-18 08:00:00,2198
2023-04-18 09:00:00,2836
2023-04-18 10:00:00,2972
2023-04-18 11:00:00,3769
2023-04-18 12:00:00,2982
2023-04-18 13:00:00,1250
2023-04-18 14:00:00,1446
2023-04-18 15:00:00,2211
2023-04-18 16:00:00,4868
2023-04-18 17:00:00,1954
2023-04-18 18:00:00,2456
2023-04-18 19:00:00,7545
2023-04-18 20:00:00,10122
2023-04-18 21:00:00,3127
2023-04-18 22:00:00,1705
2023-04-18 23:00:00,1945
2023-04-19 00:00:00,1306
2023-04-19 01:00:00,1247
2023-04-19 02:00:00,1230
2023-04-19 03:00:00,896
2023-04-19 04:00:00,887
2023-04-19 05:00:00,877
2023-04-19 06:00:00,1207
2023-04-19 07:00:00,1208
2023-04-19 08:00:00,1193
2023-04-19 09:00:00,1084
2023-04-19 10:00:00,1094
2023-04-19 11:00:00,1085
2023-04-19 12:00:00,1087
2023-04-19 13:00:00,1107
2023-04-19 14:00:00,1434
2023-04-19 15:00:00,1549
2023-04-19 16:00:00,4290
2023-04-19 17:00:00,3580
2023-04-19 18:00:00,6266
2023-04-19 19:00:00,1630
2023-04-19 20:00:00,1390
2023-04-19 21:00:00,2854
2023-04-19 22:00:00,2736
2023-04-19 23:00:00,2609
2023-04-20 00:00:00,3343
2023-04-20 01:00:00,2919
2023-04-20 02:00:00,3976
2023-04-20 03:00:00,5996
2023-04-20 04:00:00,5614
2023-04-20 05:00:00,3515
2023-04-20 06:00:00,3468
2023-04-20 07:00:00,4538
2023-04-20 08:00:00,4171
2023-04-20 09:00:00,4076
2023-04-20 10:00:00,4340
2023-04-20 11:00:00,4551
2023-04-20 12:00:00,4003
2023-04-20 13:00:00,4063
2023-04-20 14:00:00,4803
2023-04-20 15:00:00,5650
2023-04-20 16:00:00,5622
2023-04-20 17:00:00,3433
2023-04-20 18:00:00,3707
2023-04-20 19:00:00,6164
2023-04-20 20:00:00,3493
2023-04-20 21:00:00,3121
2023-04-20 22:00:00,1628
2023-04-20 23:00:00,2283
2023-04-21 00:00:00,3110
2023-04-21 01:00:00,1901
2023-04-21 02:00:00,1960
2023-04-21 03:00:00,2112
2023-04-21 04:00:00,3062
2023-04-21 05:00:00,4645
2023-04-21 06:00:00,3952
2023-04-21 07:00:00,3328
2023-04-21 08:00:00,14914
2023-04-21 09:00:00,12163
2023-04-21 10:00:00,7137
2023-04-21 11:00:00,7118
2023-04-21 12:00:00,3020
2023-04-21 13:00:00,557
2023-04-21 14:00:00,810
2023-04-21 15:00:00,1571
2023-04-21 16:00:00,8951
2023-04-21 17:00:00,1408
2023-04-21 18:00:00,1204
2023-04-21 19:00:00,1520
2023-04-21 20:00:00,1574
2023-04-21 21:00:00,1637
2023-04-21 22:00:00,3409
2023-04-21 23:00:00,1781
2023-04-22 00:00:00,1853
2023-04-22 01:00:00,604
2023-04-22 02:00:00,327
2023-04-22 03:00:00,366
2023-04-22 04:00:00,358
2023-04-22 05:00:00,693
2023-04-22 06:00:00,831
2023-04-22 07:00:00,510
2023-04-22 08:00:00,615
2023-04-22 09:00:00,336
2023-04-22 10:00:00,395
2023-04-22 11:00:00,284
2023-04-22 12:00:00,284
2023-04-22 13:00:00,700
2023-04-22 14:00:00,776
2023-04-22 15:00:00,940
2023-04-22 16:00:00,1611
2023-04-22 17:00:00,615
2023-04-22 18:00:00,384
2023-04-22 19:00:00,430
2023-04-22 20:00:00,1043
2023-04-22 21:00:00,991
2023-04-22 22:00:00,997
2023-04-22 23:00:00,711
2023-04-23 00:00:00,498
2023-04-23 01:00:00,764
2023-04-23 02:00:00,736
2023-04-23 03:00:00,709
2023-04-23 04:00:00,2756
2023-04-23 05:00:00,2755
2023-04-23 06:00:00,2757
2023-04-23 07:00:00,2757
2023-04-23 08:00:00,2759
2023-04-23 09:00:00,2799
2023-04-23 10:00:00,2802
2023-04-23 11:00:00,204
2023-04-23 12:00:00,259
2023-04-23 13:00:00,268
2023-04-23 14:00:00,236
2023-04-23 15:00:00,324
2023-04-23 16:00:00,777
2023-04-23 17:00:00,299
2023-04-23 18:00:00,245
2023-04-23 19:00:00,248
2023-04-23 20:00:00,468
2023-04-23 21:00:00,469
2023-04-23 22:00:00,2283
2023-04-23 23:00:00,2079
2023-04-24 00:00:00,2003
2023-04-24 01:00:00,1977
2023-04-24 02:00:00,1992
2023-04-24 03:00:00,480
2023-04-24 04:00:00,770
2023-04-24 05:00:00,7323
2023-04-24 06:00:00,7506
2023-04-24 07:00:00,13130
2023-04-24 08:00:00,12719
2023-04-24 09:00:00,10508
2023-04-24 10:00:00,8682
2023-04-24 11:00:00,4240
2023-04-24 12:00:00,4343
2023-04-24 13:00:00,612
2023-04-24 14:00:00,421
2023-04-24 15:00:00,537
2023-04-24 16:00:00,506
2023-04-24 17:00:00,4926
2023-04-24 18:00:00,685
2023-04-24 19:00:00,640
2023-04-24 20:00:00,591
2023-04-24 21:00:00,741
2023-04-24 22:00:00,704
2023-04-24 23:00:00,1000
2023-04-25 00:00:00,594
2023-04-25 01:00:00,435
2023-04-25 02:00:00,422
2023-04-25 03:00:00,340
2023-04-25 04:00:00,330
2023-04-25 05:00:00,413
2023-04-25 06:00:00,396
2023-04-25 07:00:00,330
2023-04-25 08:00:00,415
2023-04-25 09:00:00,412
2023-04-25 10:00:00,240
2023-04-25 11:00:00,2520
2023-04-25 12:00:00,2517
2023-04-25 13:00:00,706
2023-04-25 14:00:00,671
2023-04-25 15:00:00,550
2023-04-25 16:00:00,2041
2023-04-25 17:00:00,796
2023-04-25 18:00:00,686
2023-04-25 19:00:00,657
2023-04-25 20:00:00,621
2023-04-25 21:00:00,567
2023-04-25 22:00:00,499
2023-04-25 23:00:00,547
2023-04-26 00:00:00,527
2023-04-26 01:00:00,420
2023-04-26 02:00:00,576
2023-04-26 03:00:00,489
2023-04-26 04:00:00,256
2023-04-26 05:00:00,169
2023-04-26 06:00:00,168
2023-04-26 07:00:00,165
2023-04-26 08:00:00,162
2023-04-26 09:00:00,154
2023-04-26 10:00:00,174
2023-04-26 11:00:00,173
2023-04-26 12:00:00,213
2023-04-26 13:00:00,149
2023-04-26 14:00:00,247
2023-04-26 15:00:00,1216
2023-04-26 16:00:00,2085
2023-04-26 17:00:00,1089
2023-04-26 18:00:00,2751
2023-04-26 19:00:00,771
2023-04-26 20:00:00,676
2023-04-26 21:00:00,422
2023-04-26 22:00:00,528
2023-04-26 23:00:00,713
2023-04-27 00:00:00,513
2023-04-27 01:00:00,463
2023-04-27 02:00:00,637
2023-04-27 03:00:00,669
2023-04-27 04:00:00,383
2023-04-27 05:00:00,575
2023-04-27 06:00:00,577
2023-04-27 07:00:00,573
2023-04-27 08:00:00,509
2023-04-27 09:00:00,1468
2023-04-27 10:00:00,143
2023-04-27 11:00:00,150
2023-04-27 12:00:00,181
2023-04-27 13:00:00,286
2023-04-27 14:00:00,658
2023-04-27 15:00:00,2613
2023-04-27 16:00:00,1048
2023-04-27 17:00:00,855
2023-04-27 18:00:00,725
2023-04-27 19:00:00,698
2023-04-27 20:00:00,565
2023-04-27 21:00:00,574
2023-04-27 22:00:00,626
2023-04-27 23:00:00,637
2023-04-28 00:00:00,313
2023-04-28 01:00:00,275
2023-04-28 02:00:00,252
2023-04-28 03:00:00,369
2023-04-28 04:00:00,189
2023-04-28 05:00:00,189
2023-04-28 06:00:00,169
2023-04-28 07:00:00,185
2023-04-28 08:00:00,175
2023-04-28 09:00:00,178
2023-04-28 10:00:00,148
2023-04-28 11:00:00,141
2023-04-28 12:00:00,290
2023-04-28 13:00:00,270
2023-04-28 14:00:00,281
2023-04-28 15:00:00,344
2023-04-28 16:00:00,5743
2023-04-28 17:00:00,4969
2023-04-28 18:00:00,2297
2023-04-28 19:00:00,2190
2023-04-28 20:00:00,3172
2023-04-28 21:00:00,2367
2023-04-28 22:00:00,3694
2023-04-28 23:00:00,4501
2023-04-29 00:00:00,8806
2023-04-29 01:00:00,8701
2023-04-29 02:00:00,7392
2023-04-29 03:00:00,7000
2023-04-29 04:00:00,4786
2023-04-29 05:00:00,4184
2023-04-29 06:00:00,3780
2023-04-29 07:00:00,4701
2023-04-29 08:00:00,2921
2023-04-29 09:00:00,3159
2023-04-29 10:00:00,4380
2023-04-29 11:00:00,2870
2023-04-29 12:00:00,3735
2023-04-29 13:00:00,3721
2023-04-29 14:00:00,3899
2023-04-29 15:00:00,5989
2023-04-29 16:00:00,4955
2023-04-29 17:00:00,3269
2023-04-29 18:00:00,6373
2023-04-29 19:00:00,6180
2023-04-29 20:00:00,5115
2023-04-29 21:00:00,5036
2023-04-29 22:00:00,1869
2023-04-29 23:00:00,1822
2023-04-30 00:00:00,1889
2023-04-30 01:00:00,2108
2023-04-30 02:00:00,2653
2023-04-30 03:00:00,2250
2023-04-30 04:00:00,6190
2023-04-30 05:00:00,6346
2023-04-30 06:00:00,5703
2023-04-30 07:00:00,6210
2023-04-30 08:00:00,6169
2023-04-30 09:00:00,6127
2023-04-30 10:00:00,5603
2023-04-30 11:00:00,5594
2023-04-30 12:00:00,6969
2023-04-30 13:00:00,4093
2023-04-30 14:00:00,3533
2023-04-30 15:00:00,3550
2023-04-30 16:00:00,5710
2023-04-30 17:00:00,4225
2023-04-30 18:00:00,4125
2023-04-30 19:00:00,3735
2023-04-30 20:00:00,3411
2023-04-30 21:00:00,3402
2023-04-30 22:00:00,2001
2023-04-30 23:00:00,3153
2023-05-01 00:00:00,3182
2023-05-01 01:00:00,2282
2023-05-01 02:00:00,1183
2023-05-01 03:00:00,795
2023-05-01 04:00:00,672
2023-05-01 05:00:00,1217
2023-05-01 06:00:00,2821
2023-05-01 07:00:00,2512
2023-05-01 08:00:00,2287
2023-05-01 09:00:00,1499
2023-05-01 10:00:00,1725
2023-05-01 11:00:00,5804
2023-05-01 12:00:00,8136
2023-05-01 13:00:00,8171
2023-05-01 14:00:00,7772
2023-05-01 15:00:00,11553
2023-05-01 16:00:00,13751
2023-05-01 17:00:00,11594
2023-05-01 18:00:00,11916
2023-05-01 19:00:00,11411
2023-05-01 20:00:00,11460
2023-05-01 21:00:00,11405
2023-05-01 22:00:00,7374
2023-05-01 23:00:00,5017
2023-05-02 00:00:00,5348
2023-05-02 01:00:00,7515
2023-05-02 02:00:00,7103
2023-05-02 03:00:00,7230
2023-05-02 04:00:00,7246
2023-05-02 05:00:00,6180
2023-05-02 06:00:00,6131
2023-05-02 07:00:00,5609
2023-05-02 08:00:00,6790
2023-05-02 09:00:00,6124
2023-05-02 10:00:00,7958
2023-05-02 11:00:00,8239
2023-05-02 12:00:00,15560
2023-05-02 13:00:00,14270
2023-05-02 14:00:00,14627
2023-05-02 15:00:00,11397
2023-05-02 16:00:00,14319
2023-05-02 17:00:00,14471
2023-05-02 18:00:00,13082
2023-05-02 19:00:00,14107
2023-05-02 20:00:00,9893
2023-05-02 21:00:00,8672
2023-05-02 22:00:00,10348
2023-05-02 23:00:00,8978
2023-05-03 00:00:00,7305
2023-05-03 01:00:00,5821
2023-05-03 02:00:00,5545
2023-05-03 03:00:00,5153
2023-05-03 04:00:00,5043
2023-05-03 05:00:00,4905
2023-05-03 06:00:00,4790
2023-05-03 07:00:00,4447
2023-05-03 08:00:00,2940
2023-05-03 09:00:00,2822
2023-05-03 10:00:00,2793
2023-05-03 11:00:00,2777
2023-05-03 12:00:00,3142
2023-05-03 13:00:00,3566
2023-05-03 14:00:00,3945
2023-05-03 15:00:00,3361
2023-05-03 16:00:00,2896
2023-05-03 17:00:00,2309
2023-05-03 18:00:00,2864
2023-05-03 19:00:00,4221
2023-05-03 20:00:00,3873
2023-05-03 21:00:00,3729
2023-05-03 22:00:00,3486
2023-05-03 23:00:00,3065
2023-05-04 00:00:00,1671
2023-05-04 01:00:00,1433
2023-05-04 02:00:00,1065
2023-05-04 03:00:00,1000
2023-05-04 04:00:00,856
2023-05-04 05:00:00,839
2023-05-04 06:00:00,597
2023-05-04 07:00:00,542
2023-05-04 08:00:00,452
2023-05-04 09:00:00,444
2023-05-04 10:00:00,369
2023-05-04 11:00:00,390
2023-05-04 12:00:00,516
2023-05-04 13:00:00,566
2023-05-04 14:00:00,879
2023-05-04 15:00:00,1303
2023-05-04 16:00:00,1094
2023-05-04 17:00:00,944
2023-05-04 18:00:00,788
2023-05-04 19:00:00,862
2023-05-04 20:00:00,899
2023-05-04 21:00:00,746
2023-05-04 22:00:00,3279
2023-05-04 23:00:00,1926
2023-05-05 00:00:00,1613
2023-05-05 01:00:00,1288
2023-05-05 02:00:00,1164
2023-05-05 03:00:00,577
2023-05-05 04:00:00,562
2023-05-05 05:00:00,3753
2023-05-05 06:00:00,4087
2023-05-05 07:00:00,4229
2023-05-05 08:00:00,2079
2023-05-05 09:00:00,2078
2023-05-05 10:00:00,1435
2023-05-05 11:00:00,719
2023-05-05 12:00:00,646
2023-05-05 13:00:00,825
2023-05-05 14:00:00,345
2023-05-05 15:00:00,2745
2023-05-05 16:00:00,3275
2023-05-05 17:00:00,2539
2023-05-05 18:00:00,594
2023-05-05 19:00:00,791
2023-05-05 20:00:00,996
2023-05-05 21:00:00,975
2023-05-05 22:00:00,2735
2023-05-05 23:00:00,3206
2023-05-06 00:00:00,604
2023-05-06 01:00:00,603
2023-05-06 02:00:00,590
2023-05-06 03:00:00,260
2023-05-06 04:00:00,244
2023-05-06 05:00:00,251
2023-05-06 06:00:00,276
2023-05-06 07:00:00,323
2023-05-06 08:00:00,321
2023-05-06 09:00:00,365
2023-05-06 10:00:00,356
2023-05-06 11:00:00,386
2023-05-06 12:00:00,1468
2023-05-06 13:00:00,1708
2023-05-06 14:00:00,1666
2023-05-06 15:00:00,1039
2023-05-06 16:00:00,2134
2023-05-06 17:00:00,1190
2023-05-06 18:00:00,881
2023-05-06 19:00:00,1570
2023-05-06 20:00:00,1349
2023-05-06 21:00:00,1704
2023-05-06 22:00:00,2099
2023-05-06 23:00:00,1050
2023-05-07 00:00:00,925
2023-05-07 01:00:00,1191
2023-05-07 02:00:00,1525
2023-05-07 03:00:00,2370
2023-05-07 04:00:00,2351
2023-05-07 05:00:00,2428
2023-05-07 06:00:00,2542
2023-05-07 07:00:00,1210
2023-05-07 08:00:00,1013
2023-05-07 09:00:00,1233
2023-05-07 10:00:00,516
2023-05-07 11:00:00,329
2023-05-07 12:00:00,1084
2023-05-07 13:00:00,2711
2023-05-07 14:00:00,2147
2023-05-07 15:00:00,5568
2023-05-07 16:00:00,4552
2023-05-07 17:00:00,4442
2023-05-07 18:00:00,924
2023-05-07 19:00:00,797
2023-05-07 20:00:00,3104
2023-05-07 21:00:00,499
2023-05-07 22:00:00,767
2023-05-07 23:00:00,601
2023-05-08 00:00:00,547
2023-05-08 01:00:00,568
2023-05-08 02:00:00,564
2023-05-08 03:00:00,539
2023-05-08 04:00:00,290
2023-05-08 05:00:00,225
2023-05-08 06:00:00,9296
2023-05-08 07:00:00,8196
2023-05-08 08:00:00,8196
2023-05-08 09:00:00,171
2023-05-08 10:00:00,235
2023-05-08 11:00:00,238
2023-05-08 12:00:00,209
2023-05-08 13:00:00,257
2023-05-08 14:00:00,10005
2023-05-08 15:00:00,4697
2023-05-08 16:00:00,1668
2023-05-08 17:00:00,3440
2023-05-08 18:00:00,5876
2023-05-08 19:00:00,3536
2023-05-08 20:00:00,3620
2023-05-08 21:00:00,3429
2023-05-08 22:00:00,3475
2023-05-08 23:00:00,3253
2023-05-09 00:00:00,3117
2023-05-09 01:00:00,385
2023-05-09 02:00:00,199
2023-05-09 03:00:00,245
2023-05-09 04:00:00,246
2023-05-09 05:00:00,231
2023-05-09 06:00:00,233
2023-05-09 07:00:00,222
2023-05-09 08:00:00,168
2023-05-09 09:00:00,170
2023-05-09 10:00:00,299
2023-05-09 11:00:00,307
2023-05-09 12:00:00,334
2023-05-09 13:00:00,597
2023-05-09 14:00:00,685
2023-05-09 15:00:00,858
2023-05-09 16:00:00,686
2023-05-09 17:00:00,658
2023-05-09 18:00:00,660
2023-05-09 19:00:00,549
2023-05-09 20:00:00,314
2023-05-09 21:00:00,1120
2023-05-09 22:00:00,1185
2023-05-09 23:00:00,1383
2023-05-10 00:00:00,1483
2023-05-10 01:00:00,1276
2023-05-10 02:00:00,1168
2023-05-10 03:00:00,1114
2023-05-10 04:00:00,294
2023-05-10 05:00:00,300
2023-05-10 06:00:00,294
2023-05-10 07:00:00,293
2023-05-10 08:00:00,286
2023-05-10 09:00:00,296
2023-05-10 10:00:00,226
2023-05-10 11:00:00,121
2023-05-10 12:00:00,2679
2023-05-10 13:00:00,7400
2023-05-10 14:00:00,3836
2023-05-10 15:00:00,11321
2023-05-10 16:00:00,11768
2023-05-10 17:00:00,12568
2023-05-10 18:00:00,9392
2023-05-10 19:00:00,9125
2023-05-10 20:00:00,5399
2023-05-10 21:00:00,3157
2023-05-10 22:00:00,3176
2023-05-10 23:00:00,3325
2023-05-11 00:00:00,3150
2023-05-11 01:00:00,3076
2023-05-11 02:00:00,3155
2023-05-11 03:00:00,3071
2023-05-11 04:00:00,4438
2023-05-11 05:00:00,6348
2023-05-11 06:00:00,5599
2023-05-11 07:00:00,5740
2023-05-11 08:00:00,3440
2023-05-11 09:00:00,2927
2023-05-11 10:00:00,2903
2023-05-11 11:00:00,3404
2023-05-11 12:00:00,3561
2023-05-11 13:00:00,394
2023-05-11 14:00:00,1198
2023-05-11 15:00:00,3364
2023-05-11 16:00:00,3381
2023-05-11 17:00:00,1842
2023-05-11 18:00:00,1600
2023-05-11 19:00:00,1433
2023-05-11 20:00:00,1383
2023-05-11 21:00:00,1322
2023-05-11 22:00:00,1251
2023-05-11 23:00:00,1678
2023-05-12 00:00:00,1482
2023-05-12 01:00:00,1988
2023-05-12 02:00:00,1957
2023-05-12 03:00:00,2530
2023-05-12 04:00:00,2356
2023-05-12 05:00:00,1540
2023-05-12 06:00:00,1579
2023-05-12 07:00:00,1843
2023-05-12 08:00:00,1692
2023-05-12 09:00:00,1294
2023-05-12 10:00:00,1373
2023-05-12 11:00:00,1406
2023-05-12 12:00:00,1448
2023-05-12 13:00:00,1529
2023-05-12 14:00:00,2327
2023-05-12 15:00:00,2663
2023-05-12 16:00:00,1870
2023-05-12 17:00:00,1854
2023-05-12 18:00:00,1726
2023-05-12 19:00:00,1701
2023-05-12 20:00:00,2001
2023-05-12 21:00:00,1967
2023-05-12 22:00:00,2081
2023-05-12 23:00:00,2000
2023-05-13 00:00:00,1823
2023-05-13 01:00:00,1972
2023-05-13 02:00:00,1631
2023-05-13 03:00:00,1371
2023-05-13 04:00:00,1509
2023-05-13 05:00:00,1184
2023-05-13 06:00:00,1208
2023-05-13 07:00:00,1204
2023-05-13 08:00:00,1128
2023-05-13 09:00:00,3105
2023-05-13 10:00:00,3040
2023-05-13 11:00:00,1652
2023-05-13 12:00:00,1813
2023-05-13 13:00:00,1883
2023-05-13 14:00:00,1304
2023-05-13 15:00:00,1509
2023-05-13 16:00:00,1643
2023-05-13 17:00:00,1770
2023-05-13 18:00:00,1560
2023-05-13 19:00:00,3076
2023-05-13 20:00:00,3103
2023-05-13 21:00:00,2319
2023-05-13 22:00:00,1667
2023-05-13 23:00:00,1531
2023-05-14 00:00:00,1389
2023-05-14 01:00:00,1220
2023-05-14 02:00:00,1242
2023-05-14 03:00:00,1244
2023-05-14 04:00:00,1224
2023-05-14 05:00:00,1216
2023-05-14 06:00:00,5271
2023-05-14 07:00:00,5256
2023-05-14 08:00:00,5334
2023-05-14 09:00:00,1161
2023-05-14 10:00:00,1151
2023-05-14 11:00:00,1057
2023-05-14 12:00:00,1174
2023-05-14 13:00:00,1174
2023-05-14 14:00:00,1205
2023-05-14 15:00:00,1217
2023-05-14 16:00:00,1225
2023-05-14 17:00:00,1535
2023-05-14 18:00:00,1820
2023-05-14 19:00:00,1413
2023-05-14 20:00:00,1113
2023-05-14 21:00:00,1392
2023-05-14 22:00:00,1725
2023-05-14 23:00:00,1563
2023-05-15 00:00:00,1230
2023-05-15 01:00:00,1419
2023-05-15 02:00:00,1093
2023-05-15 03:00:00,1135
2023-05-15 04:00:00,1280
2023-05-15 05:00:00,1261
2023-05-15 06:00:00,1353
2023-05-15 07:00:00,2987
2023-05-15 08:00:00,2698
2023-05-15 09:00:00,1750
2023-05-15 10:00:00,1761
2023-05-15 11:00:00,1712
2023-05-15 12:00:00,1545
2023-05-15 13:00:00,1593
2023-05-15 14:00:00,1424
2023-05-15 15:00:00,1607
2023-05-15 16:00:00,1512
2023-05-15 17:00:00,1474
2023-05-15 18:00:00,1487
2023-05-15 19:00:00,1593
2023-05-15 20:00:00,1523
2023-05-15 21:00:00,1460
2023-05-15 22:00:00,2222
2023-05-15 23:00:00,3940
2023-05-16 00:00:00,4374
2023-05-16 01:00:00,4377
2023-05-16 02:00:00,4500
2023-05-16 03:00:00,3004
2023-05-16 04:00:00,2783
2023-05-16 05:00:00,2433
2023-05-16 06:00:00,1830
2023-05-16 07:00:00,1809
2023-05-16 08:00:00,1673
2023-05-16 09:00:00,1606
2023-05-16 10:00:00,1318
2023-05-16 11:00:00,1789
2023-05-16 12:00:00,3060
2023-05-16 13:00:00,3480
2023-05-16 14:00:00,3424
2023-05-16 15:00:00,2259
2023-05-16 16:00:00,1858
2023-05-16 17:00:00,2253
2023-05-16 18:00:00,3450
2023-05-16 19:00:00,2573
2023-05-16 20:00:00,1571
2023-05-16 21:00:00,10072
2023-05-16 22:00:00,10504
2023-05-16 23:00:00,9062
2023-05-17 00:00:00,9171
2023-05-17 01:00:00,13789
2023-05-17 02:00:00,12941
2023-05-17 03:00:00,8563
2023-05-17 04:00:00,8438
2023-05-17 05:00:00,6268
2023-05-17 06:00:00,5729
2023-05-17 07:00:00,5300
2023-05-17 08:00:00,4748
2023-05-17 09:00:00,4414
2023-05-17 10:00:00,3789
2023-05-17 11:00:00,3677
2023-05-17 12:00:00,3388
2023-05-17 13:00:00,3050
2023-05-17 14:00:00,1864
2023-05-17 15:00:00,1967
2023-05-17 16:00:00,1756
2023-05-17 17:00:00,1945
2023-05-17 18:00:00,2146
2023-05-17 19:00:00,1940
2023-05-17 20:00:00,1556
2023-05-17 21:00:00,1519
2023-05-17 22:00:00,1689
2023-05-17 23:00:00,1715
2023-05-18 00:00:00,1404
2023-05-18 01:00:00,1346
2023-05-18 02:00:00,1193
2023-05-18 03:00:00,1236
2023-05-18 04:00:00,1211
2023-05-18 05:00:00,1162
2023-05-18 06:00:00,1153
2023-05-18 07:00:00,1232
2023-05-18 08:00:00,1224
2023-05-18 09:00:00,1225
2023-05-18 10:00:00,1194
2023-05-18 11:00:00,1132
2023-05-18 12:00:00,1151
2023-05-18 13:00:00,1264
2023-05-18 14:00:00,1561
2023-05-18 15:00:00,1431
2023-05-18 16:00:00,1418
2023-05-18 17:00:00,2113
2023-05-18 18:00:00,2741
2023-05-18 19:00:00,2573
2023-05-18 20:00:00,2112
2023-05-18 21:00:00,1720
2023-05-18 22:00:00,1768
2023-05-18 23:00:00,2197
2023-05-19 00:00:00,2019
2023-05-19 01:00:00,4058
2023-05-19 02:00:00,1714
2023-05-19 03:00:00,1485
2023-05-19 04:00:00,1326
2023-05-19 05:00:00,1324
2023-05-19 06:00:00,1301
2023-05-19 07:00:00,1244
2023-05-19 08:00:00,1318
2023-05-19 09:00:00,1315
2023-05-19 10:00:00,1201
2023-05-19 11:00:00,1212
2023-05-19 12:00:00,1377
2023-05-19 13:00:00,1629
2023-05-19 14:00:00,1595
2023-05-19 15:00:00,1515
2023-05-19 16:00:00,1397
2023-05-19 17:00:00,1343
2023-05-19 18:00:00,983
2023-05-19 19:00:00,1042
2023-05-19 20:00:00,1075
2023-05-19 21:00:00,974
2023-05-19 22:00:00,1376
2023-05-19 23:00:00,2623
2023-05-20 00:00:00,3071
2023-05-20 01:00:00,4148
2023-05-20 02:00:00,3829
2023-05-20 03:00:00,2960
2023-05-20 04:00:00,3110
2023-05-20 05:00:00,2941
2023-05-20 06:00:00,3037
2023-05-20 07:00:00,3029
2023-05-20 08:00:00,3056
2023-05-20 09:00:00,2857
2023-05-20 10:00:00,2559
2023-05-20 11:00:00,1695
2023-05-20 12:00:00,1346
2023-05-20 13:00:00,1871
2023-05-20 14:00:00,1702
2023-05-20 15:00:00,2187
2023-05-20 16:00:00,1651
2023-05-20 17:00:00,1395
2023-05-20 18:00:00,1826
2023-05-20 19:00:00,1959
2023-05-20 20:00:00,1727
2023-05-20 21:00:00,1164
2023-05-20 22:00:00,1266
2023-05-20 23:00:00,978
2023-05-21 00:00:00,986
2023-05-21 01:00:00,953
2023-05-21 02:00:00,885
2023-05-21 03:00:00,847
2023-05-21 04:00:00,881
2023-05-21 05:00:00,2537
2023-05-21 06:00:00,2534
2023-05-21 07:00:00,2530
2023-05-21 08:00:00,2521
2023-05-21 09:00:00,2521
2023-05-21 10:00:00,1420
2023-05-21 11:00:00,860
2023-05-21 12:00:00,1138
2023-05-21 13:00:00,1116
2023-05-21 14:00:00,1184
2023-05-21 15:00:00,1172
2023-05-21 16:00:00,1497
2023-05-21 17:00:00,1502
2023-05-21 18:00:00,1212
2023-05-21 19:00:00,1404
2023-05-21 20:00:00,1003
2023-05-21 21:00:00,1005
2023-05-21 22:00:00,964
2023-05-21 23:00:00,981
2023-05-22 00:00:00,896
2023-05-22 01:00:00,916
2023-05-22 02:00:00,820
2023-05-22 03:00:00,871
2023-05-22 04:00:00,916
2023-05-22 05:00:00,843
2023-05-22 06:00:00,843
2023-05-22 07:00:00,845
2023-05-22 08:00:00,861
2023-05-22 09:00:00,889
2023-05-22 10:00:00,897
2023-05-22 11:00:00,1159
2023-05-22 12:00:00,1239
2023-05-22 13:00:00,1938
2023-05-22 14:00:00,2236
2023-05-22 15:00:00,2582
2023-05-22 16:00:00,1376
2023-05-22 17:00:00,1407
2023-05-22 18:00:00,1241
2023-05-22 19:00:00,1091
2023-05-22 20:00:00,2689
2023-05-22 21:00:00,1175
2023-05-22 22:00:00,1181
2023-05-22 23:00:00,1141
2023-05-23 00:00:00,7298
2023-05-23 01:00:00,4478
2023-05-23 02:00:00,2767
2023-05-23 03:00:00,1140
2023-05-23 04:00:00,782
2023-05-23 05:00:00,738
2023-05-23 06:00:00,783
2023-05-23 07:00:00,758
2023-05-23 08:00:00,737
2023-05-23 09:00:00,724
2023-05-23 10:00:00,718
2023-05-23 11:00:00,689
2023-05-23 12:00:00,786
2023-05-23 13:00:00,750
2023-05-23 14:00:00,1030
2023-05-23 15:00:00,901
2023-05-23 16:00:00,819
2023-05-23 17:00:00,1251
2023-05-23 18:00:00,5550
2023-05-23 19:00:00,6337
2023-05-23 20:00:00,6366
2023-05-23 21:00:00,5436
2023-05-23 22:00:00,822
2023-05-23 23:00:00,673
2023-05-24 00:00:00,492
2023-05-24 01:00:00,444
2023-05-24 02:00:00,571
2023-05-24 03:00:00,650
2023-05-24 04:00:00,1053
2023-05-24 05:00:00,996
2023-05-24 06:00:00,684
2023-05-24 07:00:00,694
2023-05-24 08:00:00,598
2023-05-24 09:00:00,594
2023-05-24 10:00:00,447
2023-05-24 11:00:00,442
2023-05-24 12:00:00,624
2023-05-24 13:00:00,730
2023-05-24 14:00:00,871
2023-05-24 15:00:00,1260
2023-05-24 16:00:00,1768
2023-05-24 17:00:00,1386
2023-05-24 18:00:00,798
2023-05-24 19:00:00,1074
2023-05-24 20:00:00,998
2023-05-24 21:00:00,1277
2023-05-24 22:00:00,1565
2023-05-24 23:00:00,1356
2023-05-25 00:00:00,1336
2023-05-25 01:00:00,1338
2023-05-25 02:00:00,1594
2023-05-25 03:00:00,1356
2023-05-25 04:00:00,966
2023-05-25 05:00:00,758
2023-05-25 06:00:00,688
2023-05-25 07:00:00,568
2023-05-25 08:00:00,517
2023-05-25 09:00:00,551
2023-05-25 10:00:00,454
2023-05-25 11:00:00,429
2023-05-25 12:00:00,519
2023-05-25 13:00:00,6322
2023-05-25 14:00:00,6482
2023-05-25 15:00:00,1674
2023-05-25 16:00:00,2220
2023-05-25 17:00:00,2025
2023-05-25 18:00:00,1877
2023-05-25 19:00:00,2607
2023-05-25 20:00:00,3412
2023-05-25 21:00:00,1462
2023-05-25 22:00:00,538
2023-05-25 23:00:00,502
2023-05-26 00:00:00,491
2023-05-26 01:00:00,268
2023-05-26 02:00:00,296
2023-05-26 03:00:00,332
2023-05-26 04:00:00,320
2023-05-26 05:00:00,259
2023-05-26 06:00:00,229
2023-05-26 07:00:00,192
2023-05-26 08:00:00,168
2023-05-26 09:00:00,170
2023-05-26 10:00:00,160
2023-05-26 11:00:00,936
2023-05-26 12:00:00,1050
2023-05-26 13:00:00,816
2023-05-26 14:00:00,1538
2023-05-26 15:00:00,1673
2023-05-26 16:00:00,1965
2023-05-26 17:00:00,581
2023-05-26 18:00:00,467
2023-05-26 19:00:00,297
2023-05-26 20:00:00,414
2023-05-26 21:00:00,363
2023-05-26 22:00:00,353
2023-05-26 23:00:00,289
2023-05-27 00:00:00,429
2023-05-27 01:00:00,299
2023-05-27 02:00:00,145
2023-05-27 03:00:00,138
2023-05-27 04:00:00,114
2023-05-27 05:00:00,105
2023-05-27 06:00:00,116
2023-05-27 07:00:00,110
2023-05-27 08:00:00,160
2023-05-27 09:00:00,159
2023-05-27 10:00:00,868
2023-05-27 11:00:00,873
2023-05-27 12:00:00,386
2023-05-27 13:00:00,673
2023-05-27 14:00:00,2034
2023-05-27 15:00:00,1959
2023-05-27 16:00:00,1768
2023-05-27 17:00:00,1460
2023-05-27 18:00:00,1374
2023-05-27 19:00:00,1323
2023-05-27 20:00:00,1354
2023-05-27 21:00:00,370
2023-05-27 22:00:00,380
2023-05-27 23:00:00,412
2023-05-28 00:00:00,317
2023-05-28 01:00:00,271
2023-05-28 02:00:00,431
2023-05-28 03:00:00,434
2023-05-28 04:00:00,410
2023-05-28 05:00:00,409
2023-05-28 06:00:00,447
2023-05-28 07:00:00,405
2023-05-28 08:00:00,257
2023-05-28 09:00:00,152
2023-05-28 10:00:00,147
2023-05-28 11:00:00,158
2023-05-28 12:00:00,250
2023-05-28 13:00:00,339
2023-05-28 14:00:00,405
2023-05-28 15:00:00,284
2023-05-28 16:00:00,303
2023-05-28 17:00:00,190
2023-05-28 18:00:00,167
2023-05-28 19:00:00,550
2023-05-28 20:00:00,691
2023-05-28 21:00:00,876
2023-05-28 22:00:00,470
2023-05-28 23:00:00,1284
2023-05-29 00:00:00,1357
2023-05-29 01:00:00,627
2023-05-29 02:00:00,587
2023-05-29 03:00:00,548
2023-05-29 04:00:00,1809
2023-05-29 05:00:00,1666
2023-05-29 06:00:00,1655
2023-05-29 07:00:00,1414
2023-05-29 08:00:00,1397
2023-05-29 09:00:00,1395
2023-05-29 10:00:00,1348
2023-05-29 11:00:00,1376
2023-05-29 12:00:00,1989
2023-05-29 13:00:00,2527
2023-05-29 14:00:00,1887
2023-05-29 15:00:00,1730
2023-05-29 16:00:00,1848
2023-05-29 17:00:00,963
2023-05-29 18:00:00,786
2023-05-29 19:00:00,2231
2023-05-29 20:00:00,633
2023-05-29 21:00:00,684
2023-05-29 22:00:00,779
2023-05-29 23:00:00,884
2023-05-30 00:00:00,1077
2023-05-30 01:00:00,651
2023-05-30 02:00:00,479
2023-05-30 03:00:00,366
2023-05-30 04:00:00,248
2023-05-30 05:00:00,174
2023-05-30 06:00:00,170
2023-05-30 07:00:00,321
2023-05-30 08:00:00,639
2023-05-30 09:00:00,1619
2023-05-30 10:00:00,2790
2023-05-30 11:00:00,2793
2023-05-30 12:00:00,3165
2023-05-30 13:00:00,3457
2023-05-30 14:00:00,3347
2023-05-30 15:00:00,3043
2023-05-30 16:00:00,2671
2023-05-30 17:00:00,1757
2023-05-30 18:00:00,3624
2023-05-30 19:00:00,5949
2023-05-30 20:00:00,3746
2023-05-30 21:00:00,4264
2023-05-30 22:00:00,3296
2023-05-30 23:00:00,3289
2023-05-31 00:00:00,6016
2023-05-31 01:00:00,2049
2023-05-31 02:00:00,1784
2023-05-31 03:00:00,1703
2023-05-31 04:00:00,1309
2023-05-31 05:00:00,1258
2023-05-31 06:00:00,1196
2023-05-31 07:00:00,951
2023-05-31 08:00:00,947
2023-05-31 09:00:00,802
2023-05-31 10:00:00,780
2023-05-31 11:00:00,958
2023-05-31 12:00:00,1396
2023-05-31 13:00:00,1416
2023-05-31 14:00:00,5725
2023-05-31 15:00:00,1424
2023-05-31 16:00:00,1010
2023-05-31 17:00:00,2812
2023-05-31 18:00:00,1143
2023-05-31 19:00:00,1072
2023-05-31 20:00:00,1656
2023-05-31 21:00:00,4759
2023-05-31 22:00:00,7876
2023-05-31 23:00:00,12762
2023-06-01 00:00:00,13388
2023-06-01 01:00:00,14883
2023-06-01 02:00:00,16601
2023-06-01 03:00:00,16499
2023-06-01 04:00:00,13803
2023-06-01 05:00:00,12708
2023-06-01 06:00:00,10901
2023-06-01 07:00:00,9773
2023-06-01 08:00:00,8506
2023-06-01 09:00:00,7609
2023-06-01 10:00:00,5865
2023-06-01 11:00:00,5676
2023-06-01 12:00:00,5416
2023-06-01 13:00:00,5253
2023-06-01 14:00:00,4991
2023-06-01 15:00:00,5050
2023-06-01 16:00:00,4646
2023-06-01 17:00:00,4519
2023-06-01 18:00:00,4409
2023-06-01 19:00:00,4205
2023-06-01 20:00:00,4367
2023-06-01 21:00:00,4430
2023-06-01 22:00:00,5076
2023-06-01 23:00:00,5434
2023-06-02 00:00:00,6290
2023-06-02 01:00:00,6572
2023-06-02 02:00:00,11934
2023-06-02 03:00:00,12767
2023-06-02 04:00:00,12389
2023-06-02 05:00:00,6285
2023-06-02 06:00:00,5163
2023-06-02 07:00:00,5170
2023-06-02 08:00:00,5771
2023-06-02 09:00:00,6972
2023-06-02 10:00:00,8633
2023-06-02 11:00:00,8856
2023-06-02 12:00:00,8927
2023-06-02 13:00:00,9578
2023-06-02 14:00:00,9035
2023-06-02 15:00:00,6394
2023-06-02 16:00:00,8349
2023-06-02 17:00:00,6813
2023-06-02 18:00:00,11540
2023-06-02 19:00:00,11120
2023-06-02 20:00:00,5871
2023-06-02 21:00:00,5406
2023-06-02 22:00:00,3153
2023-06-02 23:00:00,3588
2023-06-03 00:00:00,3437
2023-06-03 01:00:00,1589
2023-06-03 02:00:00,1422
2023-06-03 03:00:00,1740
2023-06-03 04:00:00,5183
2023-06-03 05:00:00,4824
2023-06-03 06:00:00,4793
2023-06-03 07:00:00,4739
2023-06-03 08:00:00,4547
2023-06-03 09:00:00,2977
2023-06-03 10:00:00,698
2023-06-03 11:00:00,795
2023-06-03 12:00:00,1248
2023-06-03 13:00:00,1220
2023-06-03 14:00:00,1125
2023-06-03 15:00:00,1243
2023-06-03 16:00:00,1207
2023-06-03 17:00:00,857
2023-06-03 18:00:00,1546
2023-06-03 19:00:00,1919
2023-06-03 20:00:00,2994
2023-06-03 21:00:00,4443
2023-06-03 22:00:00,3786
2023-06-03 23:00:00,6085
2023-06-04 00:00:00,4919
2023-06-04 01:00:00,4664
2023-06-04 02:00:00,6410
2023-06-04 03:00:00,8491
2023-06-04 04:00:00,9207
2023-06-04 05:00:00,8523
2023-06-04 06:00:00,6371
2023-06-04 07:00:00,6352
2023-06-04 08:00:00,6233
2023-06-04 09:00:00,6163
2023-06-04 10:00:00,5559
2023-06-04 11:00:00,5376
2023-06-04 12:00:00,4626
2023-06-04 13:00:00,4686
2023-06-04 14:00:00,4352
2023-06-04 15:00:00,4102
2023-06-04 16:00:00,3868
2023-06-04 17:00:00,3762
2023-06-04 18:00:00,1278
2023-06-04 19:00:00,1138
2023-06-04 20:00:00,1745
2023-06-04 21:00:00,396
2023-06-04 22:00:00,431
2023-06-04 23:00:00,420
2023-06-05 00:00:00,812
2023-06-05 01:00:00,808
2023-06-05 02:00:00,391
2023-06-05 03:00:00,362
2023-06-05 04:00:00,376
2023-06-05 05:00:00,420
2023-06-05 06:00:00,375
2023-06-05 07:00:00,278
2023-06-05 08:00:00,279
2023-06-05 09:00:00,295
2023-06-05 10:00:00,278
2023-06-05 11:00:00,308
2023-06-05 12:00:00,478
2023-06-05 13:00:00,3247
2023-06-05 14:00:00,2875
2023-06-05 15:00:00,2438
2023-06-05 16:00:00,2374
2023-06-05 17:00:00,862
2023-06-05 18:00:00,957
2023-06-05 19:00:00,1293
2023-06-05 20:00:00,1213
2023-06-05 21:00:00,1120
2023-06-05 22:00:00,1065
2023-06-05 23:00:00,474
2023-06-06 00:00:00,381
2023-06-06 01:00:00,943
2023-06-06 02:00:00,3003
2023-06-06 03:00:00,3402
2023-06-06 04:00:00,3513
2023-06-06 05:00:00,3186
2023-06-06 06:00:00,2874
2023-06-06 07:00:00,1151
2023-06-06 08:00:00,1139
2023-06-06 09:00:00,972
2023-06-06 10:00:00,777
2023-06-06 11:00:00,584
2023-06-06 12:00:00,587
2023-06-06 13:00:00,816
2023-06-06 14:00:00,657
2023-06-06 15:00:00,855
2023-06-06 16:00:00,893
2023-06-06 17:00:00,761
2023-06-06 18:00:00,595
2023-06-06 19:00:00,522
2023-06-06 20:00:00,621
2023-06-06 21:00:00,669
2023-06-06 22:00:00,568
2023-06-06 23:00:00,536
2023-06-07 00:00:00,582
2023-06-07 01:00:00,1033
2023-06-07 02:00:00,1031
2023-06-07 03:00:00,978
2023-06-07 04:00:00,923
2023-06-07 05:00:00,815
2023-06-07 06:00:00,1067
2023-06-07 07:00:00,1084
2023-06-07 08:00:00,1093
2023-06-07 09:00:00,363
2023-06-07 10:00:00,329
2023-06-07 11:00:00,390
2023-06-07 12:00:00,436
2023-06-07 13:00:00,1215
2023-06-07 14:00:00,2153
2023-06-07 15:00:00,2299
2023-06-07 16:00:00,1319
2023-06-07 17:00:00,998
2023-06-07 18:00:00,642
2023-06-07 19:00:00,766
2023-06-07 20:00:00,1082
2023-06-07 21:00:00,1072
2023-06-07 22:00:00,902
2023-06-07 23:00:00,873
2023-06-08 00:00:00,333
2023-06-08 01:00:00,270
2023-06-08 02:00:00,250
2023-06-08 03:00:00,283
2023-06-08 04:00:00,298
2023-06-08 05:00:00,301
2023-06-08 06:00:00,365
2023-06-08 07:00:00,341
2023-06-08 08:00:00,304
2023-06-08 09:00:00,232
2023-06-08 10:00:00,219
2023-06-08 11:00:00,367
2023-06-08 12:00:00,584
2023-06-08 13:00:00,1245
2023-06-08 14:00:00,1169
2023-06-08 15:00:00,1253
2023-06-08 16:00:00,1098
2023-06-08 17:00:00,2382
2023-06-08 18:00:00,1210
2023-06-08 19:00:00,1927
2023-06-08 20:00:00,2236
2023-06-08 21:00:00,962
2023-06-08 22:00:00,578
2023-06-08 23:00:00,446
2023-06-09 00:00:00,474
2023-06-09 01:00:00,347
2023-06-09 02:00:00,281
2023-06-09 03:00:00,968
2023-06-09 04:00:00,980
2023-06-09 05:00:00,1017
2023-06-09 06:00:00,1000
2023-06-09 07:00:00,998
2023-06-09 08:00:00,1245
2023-06-09 09:00:00,1251
2023-06-09 10:00:00,1242
2023-06-09 11:00:00,399
2023-06-09 12:00:00,646
2023-06-09 13:00:00,762
2023-06-09 14:00:00,539
2023-06-09 15:00:00,472
2023-06-09 16:00:00,397
2023-06-09 17:00:00,337
2023-06-09 18:00:00,486
2023-06-09 19:00:00,588
2023-06-09 20:00:00,649
2023-06-09 21:00:00,833
2023-06-09 22:00:00,1491
2023-06-09 23:00:00,1111
2023-06-10 00:00:00,678
2023-06-10 01:00:00,535
2023-06-10 02:00:00,487
2023-06-10 03:00:00,474
2023-06-10 04:00:00,2271
2023-06-10 05:00:00,2384
2023-06-10 06:00:00,546
2023-06-10 07:00:00,539
2023-06-10 08:00:00,641
2023-06-10 09:00:00,554
2023-06-10 10:00:00,603
2023-06-10 11:00:00,674
2023-06-10 12:00:00,832
2023-06-10 13:00:00,2254
2023-06-10 14:00:00,2148
2023-06-10 15:00:00,905
2023-06-10 16:00:00,2741
2023-06-10 17:00:00,575
2023-06-10 18:00:00,538
2023-06-10 19:00:00,807
2023-06-10 20:00:00,748
2023-06-10 21:00:00,2068
2023-06-10 22:00:00,545
2023-06-10 23:00:00,2970
2023-06-11 00:00:00,2237
2023-06-11 01:00:00,1507
2023-06-11 02:00:00,995
2023-06-11 03:00:00,823
2023-06-11 04:00:00,2525
2023-06-11 05:00:00,2478
2023-06-11 06:00:00,2471
2023-06-11 07:00:00,2450
2023-06-11 08:00:00,426
2023-06-11 09:00:00,414
2023-06-11 10:00:00,413
2023-06-11 11:00:00,673
2023-06-11 12:00:00,2226
2023-06-11 13:00:00,6833
2023-06-11 14:00:00,4189
2023-06-11 15:00:00,2512
2023-06-11 16:00:00,2442
2023-06-11 17:00:00,5482
2023-06-11 18:00:00,5756
2023-06-11 19:00:00,5637
2023-06-11 20:00:00,3787
2023-06-11 21:00:00,2367
2023-06-11 22:00:00,2604
2023-06-11 23:00:00,6693
2023-06-12 00:00:00,10928
2023-06-12 01:00:00,8013
2023-06-12 02:00:00,6085
2023-06-12 03:00:00,7863
2023-06-12 04:00:00,7085
2023-06-12 05:00:00,6326
2023-06-12 06:00:00,6015
2023-06-12 07:00:00,7585
2023-06-12 08:00:00,7464
2023-06-12 09:00:00,6831
2023-06-12 10:00:00,6131
2023-06-12 11:00:00,6095
2023-06-12 12:00:00,6552
2023-06-12 13:00:00,5766
2023-06-12 14:00:00,5716
2023-06-12 15:00:00,5693
2023-06-12 16:00:00,5402
2023-06-12 17:00:00,4106
2023-06-12 18:00:00,3364
2023-06-12 19:00:00,2506
2023-06-12 20:00:00,2158
2023-06-12 21:00:00,1797
2023-06-12 22:00:00,2009
2023-06-12 23:00:00,2170
2023-06-13 00:00:00,1628
2023-06-13 01:00:00,1110
2023-06-13 02:00:00,1318
2023-06-13 03:00:00,1325
2023-06-13 04:00:00,923
2023-06-13 05:00:00,1027
2023-06-13 06:00:00,794
2023-06-13 07:00:00,776
2023-06-13 08:00:00,668
2023-06-13 09:00:00,674
2023-06-13 10:00:00,580
2023-06-13 11:00:00,784
2023-06-13 12:00:00,1042
2023-06-13 13:00:00,952
2023-06-13 14:00:00,1173
2023-06-13 15:00:00,957
2023-06-13 16:00:00,1021
2023-06-13 17:00:00,805
2023-06-13 18:00:00,559
2023-06-13 19:00:00,411
2023-06-13 20:00:00,847
2023-06-13 21:00:00,963
2023-06-13 22:00:00,970
2023-06-13 23:00:00,1897
2023-06-14 00:00:00,2030
2023-06-14 01:00:00,2051
2023-06-14 02:00:00,1354
2023-06-14 03:00:00,1926
2023-06-14 04:00:00,2876
2023-06-14 05:00:00,2911
2023-06-14 06:00:00,2396
2023-06-14 07:00:00,2046
2023-06-14 08:00:00,2449
2023-06-14 09:00:00,2227
2023-06-14 10:00:00,1247
2023-06-14 11:00:00,1141
2023-06-14 12:00:00,1390
2023-06-14 13:00:00,2022
2023-06-14 14:00:00,4796
2023-06-14 15:00:00,4890
2023-06-14 16:00:00,1534
2023-06-14 17:00:00,1457
2023-06-14 18:00:00,1325
2023-06-14 19:00:00,1808
2023-06-14 20:00:00,1525
2023-06-14 21:00:00,1928
2023-06-14 22:00:00,1738
2023-06-14 23:00:00,1424
2023-06-15 00:00:00,1241
2023-06-15 01:00:00,940
2023-06-15 02:00:00,767
2023-06-15 03:00:00,686
2023-06-15 04:00:00,268
2023-06-15 05:00:00,383
2023-06-15 06:00:00,349
2023-06-15 07:00:00,238
2023-06-15 08:00:00,236
2023-06-15 09:00:00,539
2023-06-15 10:00:00,519
2023-06-15 11:00:00,455
2023-06-15 12:00:00,782
2023-06-15 13:00:00,921
2023-06-15 14:00:00,2059
2023-06-15 15:00:00,964
2023-06-15 16:00:00,3184
2023-06-15 17:00:00,2411
2023-06-15 18:00:00,1339
2023-06-15 19:00:00,2508
2023-06-15 20:00:00,628
2023-06-15 21:00:00,2076
2023-06-15 22:00:00,3292
2023-06-15 23:00:00,7027
2023-06-16 00:00:00,5377
2023-06-16 01:00:00,8691
2023-06-16 02:00:00,6926
2023-06-16 03:00:00,6053
2023-06-16 04:00:00,6307
2023-06-16 05:00:00,7113
2023-06-16 06:00:00,7111
2023-06-16 07:00:00,5812
2023-06-16 08:00:00,5399
2023-06-16 09:00:00,2794
2023-06-16 10:00:00,2575
2023-06-16 11:00:00,2087
2023-06-16 12:00:00,1829
2023-06-16 13:00:00,1835
2023-06-16 14:00:00,2010
2023-06-16 15:00:00,2134
2023-06-16 16:00:00,2338
2023-06-16 17:00:00,1922
2023-06-16 18:00:00,1969
2023-06-16 19:00:00,1851
2023-06-16 20:00:00,1894
2023-06-16 21:00:00,1726
2023-06-16 22:00:00,1824
2023-06-16 23:00:00,1744
2023-06-17 00:00:00,1461
2023-06-17 01:00:00,1339
2023-06-17 02:00:00,827
2023-06-17 03:00:00,623
2023-06-17 04:00:00,619
2023-06-17 05:00:00,680
2023-06-17 06:00:00,681
2023-06-17 07:00:00,663
2023-06-17 08:00:00,661
2023-06-17 09:00:00,658
2023-06-17 10:00:00,742
2023-06-17 11:00:00,743
2023-06-17 12:00:00,1800
2023-06-17 13:00:00,2189
2023-06-17 14:00:00,2455
2023-06-17 15:00:00,2738
2023-06-17 16:00:00,1516
2023-06-17 17:00:00,2422
2023-06-17 18:00:00,1888
2023-06-17 19:00:00,1590
2023-06-17 20:00:00,473
2023-06-17 21:00:00,1080
2023-06-17 22:00:00,566
2023-06-17 23:00:00,499
2023-06-18 00:00:00,796
2023-06-18 01:00:00,1146
2023-06-18 02:00:00,995
2023-06-18 03:00:00,987
2023-06-18 04:00:00,815
2023-06-18 05:00:00,847
2023-06-18 06:00:00,538
2023-06-18 07:00:00,494
2023-06-18 08:00:00,438
2023-06-18 09:00:00,411
2023-06-18 10:00:00,268
2023-06-18 11:00:00,232
2023-06-18 12:00:00,599
2023-06-18 13:00:00,1014
2023-06-18 14:00:00,961
2023-06-18 15:00:00,937
2023-06-18 16:00:00,325
2023-06-18 17:00:00,314
2023-06-18 18:00:00,216
2023-06-18 19:00:00,209
2023-06-18 20:00:00,218
2023-06-18 21:00:00,298
2023-06-18 22:00:00,337
2023-06-18 23:00:00,319
2023-06-19 00:00:00,332
2023-06-19 01:00:00,346
2023-06-19 02:00:00,213
2023-06-19 03:00:00,1231
2023-06-19 04:00:00,1235
2023-06-19 05:00:00,1232
2023-06-19 06:00:00,1232
2023-06-19 07:00:00,767
2023-06-19 08:00:00,747
2023-06-19 09:00:00,784
2023-06-19 10:00:00,569
2023-06-19 11:00:00,785
2023-06-19 12:00:00,1014
2023-06-19 13:00:00,1088
2023-06-19 14:00:00,1185
2023-06-19 15:00:00,2929
2023-06-19 16:00:00,887
2023-06-19 17:00:00,861
2023-06-19 18:00:00,752
2023-06-19 19:00:00,772
2023-06-19 20:00:00,785
2023-06-19 21:00:00,742
2023-06-19 22:00:00,649
2023-06-19 23:00:00,549
2023-06-20 00:00:00,511
2023-06-20 01:00:00,599
2023-06-20 02:00:00,587
2023-06-20 03:00:00,421
2023-06-20 04:00:00,355
2023-06-20 05:00:00,312
2023-06-20 06:00:00,267
2023-06-20 07:00:00,238
2023-06-20 08:00:00,196
2023-06-20 09:00:00,213
2023-06-20 10:00:00,250
2023-06-20 11:00:00,339
2023-06-20 12:00:00,1277
2023-06-20 13:00:00,1030
2023-06-20 14:00:00,1170
2023-06-20 15:00:00,2166
2023-06-20 16:00:00,2902
2023-06-20 17:00:00,2656
2023-06-20 18:00:00,3227
2023-06-20 19:00:00,3408
2023-06-20 20:00:00,3982
2023-06-20 21:00:00,2033
2023-06-20 22:00:00,1262
2023-06-20 23:00:00,2446
2023-06-21 00:00:00,2586
2023-06-21 01:00:00,1729
2023-06-21 02:00:00,1781
2023-06-21 03:00:00,1248
2023-06-21 04:00:00,1177
2023-06-21 05:00:00,1078
2023-06-21 06:00:00,594
2023-06-21 07:00:00,552
2023-06-21 08:00:00,558
2023-06-21 09:00:00,569
2023-06-21 10:00:00,438
2023-06-21 11:00:00,431
2023-06-21 12:00:00,905
2023-06-21 13:00:00,1332
2023-06-21 14:00:00,1414
2023-06-21 15:00:00,1377
2023-06-21 16:00:00,1582
2023-06-21 17:00:00,3419
2023-06-21 18:00:00,1453
2023-06-21 19:00:00,2877
2023-06-21 20:00:00,2507
2023-06-21 21:00:00,4224
2023-06-21 22:00:00,4559
2023-06-21 23:00:00,1763
2023-06-22 00:00:00,1704
2023-06-22 01:00:00,2326
2023-06-22 02:00:00,1277
2023-06-22 03:00:00,879
2023-06-22 04:00:00,831
2023-06-22 05:00:00,771
2023-06-22 06:00:00,908
2023-06-22 07:00:00,549
2023-06-22 08:00:00,374
2023-06-22 09:00:00,196
2023-06-22 10:00:00,208
2023-06-22 11:00:00,326
2023-06-22 12:00:00,889
2023-06-22 13:00:00,1746
2023-06-22 14:00:00,4076
2023-06-22 15:00:00,1795
2023-06-22 16:00:00,1617
2023-06-22 17:00:00,1171
2023-06-22 18:00:00,1066
2023-06-22 19:00:00,1561
2023-06-22 20:00:00,1573
2023-06-22 21:00:00,1290
2023-06-22 22:00:00,696
2023-06-22 23:00:00,422
2023-06-23 00:00:00,440
2023-06-23 01:00:00,241
2023-06-23 02:00:00,175
2023-06-23 03:00:00,166
2023-06-23 04:00:00,352
2023-06-23 05:00:00,370
2023-06-23 06:00:00,498
2023-06-23 07:00:00,817
2023-06-23 08:00:00,879
2023-06-23 09:00:00,529
2023-06-23 10:00:00,396
2023-06-23 11:00:00,712
2023-06-23 12:00:00,750
2023-06-23 13:00:00,4171
2023-06-23 14:00:00,5971
2023-06-23 15:00:00,6928
2023-06-23 16:00:00,4307
2023-06-23 17:00:00,3721
2023-06-23 18:00:00,3134
2023-06-23 19:00:00,3323
2023-06-23 20:00:00,1773
2023-06-23 21:00:00,1814
2023-06-23 22:00:00,1764
2023-06-23 23:00:00,3257
2023-06-24 00:00:00,4947
2023-06-24 01:00:00,4460
2023-06-24 02:00:00,4025
2023-06-24 03:00:00,4080
2023-06-24 04:00:00,4020
2023-06-24 05:00:00,3390
2023-06-24 06:00:00,3443
2023-06-24 07:00:00,3351
2023-06-24 08:00:00,1772
2023-06-24 09:00:00,1771
2023-06-24 10:00:00,1797
2023-06-24 11:00:00,2170
2023-06-24 12:00:00,2152
2023-06-24 13:00:00,1844
2023-06-24 14:00:00,1554
2023-06-24 15:00:00,1464
2023-06-24 16:00:00,1577
2023-06-24 17:00:00,2796
2023-06-24 18:00:00,2838
2023-06-24 19:00:00,2934
2023-06-24 20:00:00,3384
2023-06-24 21:00:00,3502
2023-06-24 22:00:00,4304
2023-06-24 23:00:00,5182
2023-06-25 00:00:00,5764
2023-06-25 01:00:00,5833
2023-06-25 02:00:00,5217
2023-06-25 03:00:00,5389
2023-06-25 04:00:00,786
2023-06-25 05:00:00,1134
2023-06-25 06:00:00,2583
2023-06-25 07:00:00,2307
2023-06-25 08:00:00,2331
2023-06-25 09:00:00,2724
2023-06-25 10:00:00,2717
2023-06-25 11:00:00,3450
2023-06-25 12:00:00,4356
2023-06-25 13:00:00,4901
2023-06-25 14:00:00,4385
2023-06-25 15:00:00,3064
2023-06-25 16:00:00,3162
2023-06-25 17:00:00,3683
2023-06-25 18:00:00,4549
2023-06-25 19:00:00,2409
2023-06-25 20:00:00,6294
2023-06-25 21:00:00,24511
2023-06-25 22:00:00,34409
2023-06-25 23:00:00,44892
2023-06-26 00:00:00,62473
2023-06-26 01:00:00,86313
2023-06-26 02:00:00,82961
2023-06-26 03:00:00,81105
2023-06-26 04:00:00,75415
2023-06-26 05:00:00,74942
2023-06-26 06:00:00,75250
2023-06-26 07:00:00,74281
2023-06-26 08:00:00,71710
2023-06-26 09:00:00,70393
2023-06-26 10:00:00,69459
2023-06-26 11:00:00,70802
2023-06-26 12:00:00,72024
2023-06-26 13:00:00,72767
2023-06-26 14:00:00,71423
2023-06-26 15:00:00,72884
2023-06-26 16:00:00,72898
2023-06-26 17:00:00,74501
2023-06-26 18:00:00,66352
2023-06-26 19:00:00,60336
2023-06-26 20:00:00,56224
2023-06-26 21:00:00,59218
2023-06-26 22:00:00,57185
2023-06-26 23:00:00,54985
2023-06-27 00:00:00,47499
2023-06-27 01:00:00,37596
2023-06-27 02:00:00,31221
2023-06-27 03:00:00,27259
2023-06-27 04:00:00,24332
2023-06-27 05:00:00,23313
2023-06-27 06:00:00,22271
2023-06-27 07:00:00,22195
2023-06-27 08:00:00,22164
2023-06-27 09:00:00,20506
2023-06-27 10:00:00,19716
2023-06-27 11:00:00,20338
2023-06-27 12:00:00,20641
2023-06-27 13:00:00,21287
2023-06-27 14:00:00,22705
2023-06-27 15:00:00,22612
2023-06-27 16:00:00,21651
2023-06-27 17:00:00,20428
2023-06-27 18:00:00,18801
2023-06-27 19:00:00,17944
2023-06-27 20:00:00,16707
2023-06-27 21:00:00,13057
2023-06-27 22:00:00,10472
2023-06-27 23:00:00,10367
2023-06-28 00:00:00,7212
2023-06-28 01:00:00,4818
2023-06-28 02:00:00,3388
2023-06-28 03:00:00,3100
2023-06-28 04:00:00,2583
2023-06-28 05:00:00,2208
2023-06-28 06:00:00,2081
2023-06-28 07:00:00,2277
2023-06-28 08:00:00,2477
2023-06-28 09:00:00,2560
2023-06-28 10:00:00,2308
2023-06-28 11:00:00,2908
2023-06-28 12:00:00,2446
2023-06-28 13:00:00,2539
2023-06-28 14:00:00,2752
2023-06-28 15:00:00,2811
2023-06-28 16:00:00,2753
2023-06-28 17:00:00,3488
2023-06-28 18:00:00,2638
2023-06-28 19:00:00,2263
2023-06-28 20:00:00,2303
2023-06-28 21:00:00,2136
2023-06-28 22:00:00,1937
2023-06-28 23:00:00,2233
2023-06-29 00:00:00,2564
2023-06-29 01:00:00,2262
2023-06-29 02:00:00,1973
2023-06-29 03:00:00,2573
2023-06-29 04:00:00,2657
2023-06-29 05:00:00,2602
2023-06-29 06:00:00,2988
2023-06-29 07:00:00,2999
2023-06-29 08:00:00,3080
2023-06-29 09:00:00,3783
2023-06-29 10:00:00,3301
2023-06-29 11:00:00,2684
2023-06-29 12:00:00,2633
2023-06-29 13:00:00,1395
2023-06-29 14:00:00,1433
2023-06-29 15:00:00,3273
2023-06-29 16:00:00,2384
2023-06-29 17:00:00,2492
2023-06-29 18:00:00,4317
2023-06-29 19:00:00,891
2023-06-29 20:00:00,1630
2023-06-29 21:00:00,3905
2023-06-29 22:00:00,4297
2023-06-29 23:00:00,5372
2023-06-30 00:00:00,6688
