timestamp,location,pred
2023-06-30 01:00:00,26001,0.039108190685510635
2023-06-30 02:00:00,26001,0.05395073443651199
2023-06-30 03:00:00,26001,0.06374221295118332
2023-06-30 04:00:00,26001,0.06273078918457031
2023-06-30 05:00:00,26001,0.07375667989253998
2023-06-30 06:00:00,26001,0.07467544078826904
2023-06-30 07:00:00,26001,0.06373388320207596
2023-06-30 08:00:00,26001,0.05678483098745346
2023-06-30 09:00:00,26001,0.05737200379371643
2023-06-30 10:00:00,26001,0.056607384234666824
2023-06-30 11:00:00,26001,0.06940990686416626
2023-06-30 12:00:00,26001,0.09945764392614365
2023-06-30 13:00:00,26001,0.1731298863887787
2023-06-30 14:00:00,26001,0.21664905548095703
2023-06-30 15:00:00,26001,0.2249579131603241
2023-06-30 16:00:00,26001,0.21745765209197998
2023-06-30 17:00:00,26001,0.20466406643390656
2023-06-30 18:00:00,26001,0.20537857711315155
2023-06-30 19:00:00,26001,0.20910033583641052
2023-06-30 20:00:00,26001,0.21846243739128113
2023-06-30 21:00:00,26001,0.22580644488334656
2023-06-30 22:00:00,26001,0.23323693871498108
2023-06-30 23:00:00,26001,0.2135384976863861
2023-07-01 00:00:00,26001,0.1841752827167511
2023-06-30 01:00:00,26003,0.07638485729694366
2023-06-30 02:00:00,26003,0.08569476008415222
2023-06-30 03:00:00,26003,0.09823162108659744
2023-06-30 04:00:00,26003,0.09985785186290741
2023-06-30 05:00:00,26003,0.11053486913442612
2023-06-30 06:00:00,26003,0.11685879528522491
2023-06-30 07:00:00,26003,0.1057901605963707
2023-06-30 08:00:00,26003,0.10299196094274521
2023-06-30 09:00:00,26003,0.10613925755023956
2023-06-30 10:00:00,26003,0.10978633165359497
2023-06-30 11:00:00,26003,0.1275486946105957
2023-06-30 12:00:00,26003,0.15792974829673767
2023-06-30 13:00:00,26003,0.23914894461631775
2023-06-30 14:00:00,26003,0.2864610552787781
2023-06-30 15:00:00,26003,0.291865736246109
2023-06-30 16:00:00,26003,0.277548611164093
2023-06-30 17:00:00,26003,0.25617513060569763
2023-06-30 18:00:00,26003,0.24078288674354553
2023-06-30 19:00:00,26003,0.2363896369934082
2023-06-30 20:00:00,26003,0.24097664654254913
2023-06-30 21:00:00,26003,0.244219571352005
2023-06-30 22:00:00,26003,0.24553045630455017
2023-06-30 23:00:00,26003,0.2351793348789215
2023-07-01 00:00:00,26003,0.2138001024723053
2023-06-30 01:00:00,26005,1.2719361782073975
2023-06-30 02:00:00,26005,1.2698622941970825
2023-06-30 03:00:00,26005,1.232089638710022
2023-06-30 04:00:00,26005,1.2241809368133545
2023-06-30 05:00:00,26005,1.2662097215652466
2023-06-30 06:00:00,26005,1.2761189937591553
2023-06-30 07:00:00,26005,1.2578548192977905
2023-06-30 08:00:00,26005,1.2496511936187744
2023-06-30 09:00:00,26005,1.2523410320281982
2023-06-30 10:00:00,26005,1.3029820919036865
2023-06-30 11:00:00,26005,1.4958622455596924
2023-06-30 12:00:00,26005,2.317206382751465
2023-06-30 13:00:00,26005,3.898733139038086
2023-06-30 14:00:00,26005,4.453720569610596
2023-06-30 15:00:00,26005,4.398447513580322
2023-06-30 16:00:00,26005,4.346569061279297
2023-06-30 17:00:00,26005,4.135858058929443
2023-06-30 18:00:00,26005,3.8210113048553467
2023-06-30 19:00:00,26005,3.59724497795105
2023-06-30 20:00:00,26005,3.7297472953796387
2023-06-30 21:00:00,26005,3.793304920196533
2023-06-30 22:00:00,26005,4.506295204162598
2023-06-30 23:00:00,26005,4.343660831451416
2023-07-01 00:00:00,26005,3.7989373207092285
2023-06-30 01:00:00,26007,0.0
2023-06-30 02:00:00,26007,0.0
2023-06-30 03:00:00,26007,0.0
2023-06-30 04:00:00,26007,0.0
2023-06-30 05:00:00,26007,0.0
2023-06-30 06:00:00,26007,0.0
2023-06-30 07:00:00,26007,0.0
2023-06-30 08:00:00,26007,0.0
2023-06-30 09:00:00,26007,0.0
2023-06-30 10:00:00,26007,0.0
2023-06-30 11:00:00,26007,0.0013679692056030035
2023-06-30 12:00:00,26007,0.015957092866301537
2023-06-30 13:00:00,26007,0.033833228051662445
2023-06-30 14:00:00,26007,0.058800749480724335
2023-06-30 15:00:00,26007,0.0654924288392067
2023-06-30 16:00:00,26007,0.06062738969922066
2023-06-30 17:00:00,26007,0.04597383737564087
2023-06-30 18:00:00,26007,0.043569326400756836
2023-06-30 19:00:00,26007,0.044526103883981705
2023-06-30 20:00:00,26007,0.04743913188576698
2023-06-30 21:00:00,26007,0.04825707525014877
2023-06-30 22:00:00,26007,0.04776773601770401
2023-06-30 23:00:00,26007,0.040205519646406174
2023-07-01 00:00:00,26007,0.02675859071314335
2023-06-30 01:00:00,26009,0.049098625779151917
2023-06-30 02:00:00,26009,0.0488850399851799
2023-06-30 03:00:00,26009,0.05086270719766617
2023-06-30 04:00:00,26009,0.04408914968371391
2023-06-30 05:00:00,26009,0.0561683289706707
2023-06-30 06:00:00,26009,0.05074392631649971
2023-06-30 07:00:00,26009,0.04789610207080841
2023-06-30 08:00:00,26009,0.0486651286482811
2023-06-30 09:00:00,26009,0.051439326256513596
2023-06-30 10:00:00,26009,0.05492829531431198
2023-06-30 11:00:00,26009,0.07698360830545425
2023-06-30 12:00:00,26009,0.1572992503643036
2023-06-30 13:00:00,26009,0.20994484424591064
2023-06-30 14:00:00,26009,0.25028762221336365
2023-06-30 15:00:00,26009,0.26582008600234985
2023-06-30 16:00:00,26009,0.26150622963905334
2023-06-30 17:00:00,26009,0.23495376110076904
2023-06-30 18:00:00,26009,0.22978731989860535
2023-06-30 19:00:00,26009,0.231438547372818
2023-06-30 20:00:00,26009,0.23957495391368866
2023-06-30 21:00:00,26009,0.2550058960914612
2023-06-30 22:00:00,26009,0.2589592933654785
2023-06-30 23:00:00,26009,0.2554191052913666
2023-07-01 00:00:00,26009,0.22278638184070587
2023-06-30 01:00:00,26011,0.1266345977783203
2023-06-30 02:00:00,26011,0.13577155768871307
2023-06-30 03:00:00,26011,0.14128711819648743
2023-06-30 04:00:00,26011,0.11493746191263199
2023-06-30 05:00:00,26011,0.12860172986984253
2023-06-30 06:00:00,26011,0.11464637517929077
2023-06-30 07:00:00,26011,0.10427208244800568
2023-06-30 08:00:00,26011,0.11075200140476227
2023-06-30 09:00:00,26011,0.11634711921215057
2023-06-30 10:00:00,26011,0.12557446956634521
2023-06-30 11:00:00,26011,0.14866456389427185
2023-06-30 12:00:00,26011,0.23497655987739563
2023-06-30 13:00:00,26011,0.33313697576522827
2023-06-30 14:00:00,26011,0.3924404978752136
2023-06-30 15:00:00,26011,0.3955633342266083
2023-06-30 16:00:00,26011,0.3723045885562897
2023-06-30 17:00:00,26011,0.32859063148498535
2023-06-30 18:00:00,26011,0.3058090806007385
2023-06-30 19:00:00,26011,0.30772876739501953
2023-06-30 20:00:00,26011,0.31809261441230774
2023-06-30 21:00:00,26011,0.35277360677719116
2023-06-30 22:00:00,26011,0.3541073203086853
2023-06-30 23:00:00,26011,0.35125258564949036
2023-07-01 00:00:00,26011,0.30583518743515015
2023-06-30 01:00:00,26013,0.2268335372209549
2023-06-30 02:00:00,26013,0.25768500566482544
2023-06-30 03:00:00,26013,0.2593643069267273
2023-06-30 04:00:00,26013,0.2535446882247925
2023-06-30 05:00:00,26013,0.2715802788734436
2023-06-30 06:00:00,26013,0.27827513217926025
2023-06-30 07:00:00,26013,0.2719230651855469
2023-06-30 08:00:00,26013,0.26210203766822815
2023-06-30 09:00:00,26013,0.25535696744918823
2023-06-30 10:00:00,26013,0.24381780624389648
2023-06-30 11:00:00,26013,0.24558189511299133
2023-06-30 12:00:00,26013,0.2645310163497925
2023-06-30 13:00:00,26013,0.273184210062027
2023-06-30 14:00:00,26013,0.2826434075832367
2023-06-30 15:00:00,26013,0.2989897131919861
2023-06-30 16:00:00,26013,0.2895351052284241
2023-06-30 17:00:00,26013,0.2719695270061493
2023-06-30 18:00:00,26013,0.25427940487861633
2023-06-30 19:00:00,26013,0.25016549229621887
2023-06-30 20:00:00,26013,0.2588205933570862
2023-06-30 21:00:00,26013,0.25189778208732605
2023-06-30 22:00:00,26013,0.2629237174987793
2023-06-30 23:00:00,26013,0.2802918255329132
2023-07-01 00:00:00,26013,0.2619779706001282
2023-06-30 01:00:00,26015,0.3962589204311371
2023-06-30 02:00:00,26015,0.4236859381198883
2023-06-30 03:00:00,26015,0.444270521402359
2023-06-30 04:00:00,26015,0.4445549547672272
2023-06-30 05:00:00,26015,0.49248725175857544
2023-06-30 06:00:00,26015,0.4961380064487457
2023-06-30 07:00:00,26015,0.4659787714481354
2023-06-30 08:00:00,26015,0.4617782533168793
2023-06-30 09:00:00,26015,0.4652647078037262
2023-06-30 10:00:00,26015,0.46186575293540955
2023-06-30 11:00:00,26015,0.5352285504341125
2023-06-30 12:00:00,26015,0.8861643671989441
2023-06-30 13:00:00,26015,1.2891288995742798
2023-06-30 14:00:00,26015,1.5000908374786377
2023-06-30 15:00:00,26015,1.4980998039245605
2023-06-30 16:00:00,26015,1.4534239768981934
2023-06-30 17:00:00,26015,1.3368064165115356
2023-06-30 18:00:00,26015,1.222328782081604
2023-06-30 19:00:00,26015,1.2048819065093994
2023-06-30 20:00:00,26015,1.2459913492202759
2023-06-30 21:00:00,26015,1.2515074014663696
2023-06-30 22:00:00,26015,1.2824268341064453
2023-06-30 23:00:00,26015,1.2579140663146973
2023-07-01 00:00:00,26015,1.0440027713775635
2023-06-30 01:00:00,26017,0.4193149507045746
2023-06-30 02:00:00,26017,0.43567100167274475
2023-06-30 03:00:00,26017,0.4453497529029846
2023-06-30 04:00:00,26017,0.4392092823982239
2023-06-30 05:00:00,26017,0.46749210357666016
2023-06-30 06:00:00,26017,0.48211240768432617
2023-06-30 07:00:00,26017,0.4415922164916992
2023-06-30 08:00:00,26017,0.45793455839157104
2023-06-30 09:00:00,26017,0.45528221130371094
2023-06-30 10:00:00,26017,0.4669758379459381
2023-06-30 11:00:00,26017,0.5432221293449402
2023-06-30 12:00:00,26017,0.7593742609024048
2023-06-30 13:00:00,26017,1.0337350368499756
2023-06-30 14:00:00,26017,1.2018598318099976
2023-06-30 15:00:00,26017,1.1689937114715576
2023-06-30 16:00:00,26017,1.1132320165634155
2023-06-30 17:00:00,26017,1.0335038900375366
2023-06-30 18:00:00,26017,0.9652454257011414
2023-06-30 19:00:00,26017,0.9567000269889832
2023-06-30 20:00:00,26017,0.9598210453987122
2023-06-30 21:00:00,26017,0.9912664294242859
2023-06-30 22:00:00,26017,1.0024893283843994
2023-06-30 23:00:00,26017,0.9928890466690063
2023-07-01 00:00:00,26017,0.8611809611320496
2023-06-30 01:00:00,26019,4.40543794631958
2023-06-30 02:00:00,26019,2.903317928314209
2023-06-30 03:00:00,26019,1.8474905490875244
2023-06-30 04:00:00,26019,1.2804038524627686
2023-06-30 05:00:00,26019,1.0134880542755127
2023-06-30 06:00:00,26019,0.8954377174377441
2023-06-30 07:00:00,26019,0.7437447309494019
2023-06-30 08:00:00,26019,0.7056049108505249
2023-06-30 09:00:00,26019,0.6727074384689331
2023-06-30 10:00:00,26019,0.6511473059654236
2023-06-30 11:00:00,26019,0.7049586176872253
2023-06-30 12:00:00,26019,0.8622916340827942
2023-06-30 13:00:00,26019,1.077288031578064
2023-06-30 14:00:00,26019,1.1985015869140625
2023-06-30 15:00:00,26019,1.1766188144683838
2023-06-30 16:00:00,26019,1.1697592735290527
2023-06-30 17:00:00,26019,1.0847581624984741
2023-06-30 18:00:00,26019,0.9993937611579895
2023-06-30 19:00:00,26019,0.9849419593811035
2023-06-30 20:00:00,26019,0.9907218813896179
2023-06-30 21:00:00,26019,0.9824832081794739
2023-06-30 22:00:00,26019,0.9823395013809204
2023-06-30 23:00:00,26019,0.9836807250976562
2023-07-01 00:00:00,26019,0.9128676652908325
2023-06-30 01:00:00,26021,3.1690621376037598
2023-06-30 02:00:00,26021,3.0647616386413574
2023-06-30 03:00:00,26021,2.9516077041625977
2023-06-30 04:00:00,26021,2.9109511375427246
2023-06-30 05:00:00,26021,2.984346866607666
2023-06-30 06:00:00,26021,2.9548192024230957
2023-06-30 07:00:00,26021,2.9189765453338623
2023-06-30 08:00:00,26021,2.97674822807312
2023-06-30 09:00:00,26021,3.0351760387420654
2023-06-30 10:00:00,26021,3.0973381996154785
2023-06-30 11:00:00,26021,3.3157386779785156
2023-06-30 12:00:00,26021,5.427153587341309
2023-06-30 13:00:00,26021,7.115033149719238
2023-06-30 14:00:00,26021,8.047080039978027
2023-06-30 15:00:00,26021,7.972716331481934
2023-06-30 16:00:00,26021,7.480520725250244
2023-06-30 17:00:00,26021,6.906905174255371
2023-06-30 18:00:00,26021,6.301613807678223
2023-06-30 19:00:00,26021,5.9311842918396
2023-06-30 20:00:00,26021,5.882302761077881
2023-06-30 21:00:00,26021,5.810467720031738
2023-06-30 22:00:00,26021,5.87845516204834
2023-06-30 23:00:00,26021,5.721556663513184
2023-07-01 00:00:00,26021,5.147553443908691
2023-06-30 01:00:00,26023,0.07978649437427521
2023-06-30 02:00:00,26023,0.08223766833543777
2023-06-30 03:00:00,26023,0.09444490075111389
2023-06-30 04:00:00,26023,0.10117348283529282
2023-06-30 05:00:00,26023,0.12069861590862274
2023-06-30 06:00:00,26023,0.12655656039714813
2023-06-30 07:00:00,26023,0.11412330716848373
2023-06-30 08:00:00,26023,0.12054697424173355
2023-06-30 09:00:00,26023,0.11964637041091919
2023-06-30 10:00:00,26023,0.1268327832221985
2023-06-30 11:00:00,26023,0.14633266627788544
2023-06-30 12:00:00,26023,0.1837654709815979
2023-06-30 13:00:00,26023,0.3213101327419281
2023-06-30 14:00:00,26023,0.38904136419296265
2023-06-30 15:00:00,26023,0.3886939585208893
2023-06-30 16:00:00,26023,0.38688182830810547
2023-06-30 17:00:00,26023,0.38783806562423706
2023-06-30 18:00:00,26023,0.38583430647850037
2023-06-30 19:00:00,26023,0.395415335893631
2023-06-30 20:00:00,26023,0.3982624411582947
2023-06-30 21:00:00,26023,0.4048806130886078
2023-06-30 22:00:00,26023,0.42847996950149536
2023-06-30 23:00:00,26023,0.415419340133667
2023-07-01 00:00:00,26023,0.4260672926902771
2023-06-30 01:00:00,26025,0.39754852652549744
2023-06-30 02:00:00,26025,0.4376513361930847
2023-06-30 03:00:00,26025,0.4734805226325989
2023-06-30 04:00:00,26025,0.48810386657714844
2023-06-30 05:00:00,26025,0.5555722117424011
2023-06-30 06:00:00,26025,0.5617355108261108
2023-06-30 07:00:00,26025,0.5162774324417114
2023-06-30 08:00:00,26025,0.52655428647995
2023-06-30 09:00:00,26025,0.5242174863815308
2023-06-30 10:00:00,26025,0.5444409251213074
2023-06-30 11:00:00,26025,0.6021758317947388
2023-06-30 12:00:00,26025,0.8559120297431946
2023-06-30 13:00:00,26025,1.4852375984191895
2023-06-30 14:00:00,26025,1.817307710647583
2023-06-30 15:00:00,26025,1.8141250610351562
2023-06-30 16:00:00,26025,1.7559988498687744
2023-06-30 17:00:00,26025,1.6411056518554688
2023-06-30 18:00:00,26025,1.4807409048080444
2023-06-30 19:00:00,26025,1.4385522603988647
2023-06-30 20:00:00,26025,1.4019675254821777
2023-06-30 21:00:00,26025,1.3943760395050049
2023-06-30 22:00:00,26025,1.417227029800415
2023-06-30 23:00:00,26025,1.3811167478561401
2023-07-01 00:00:00,26025,1.1474063396453857
2023-06-30 01:00:00,26027,4.6602864265441895
2023-06-30 02:00:00,26027,2.8828794956207275
2023-06-30 03:00:00,26027,1.7595560550689697
2023-06-30 04:00:00,26027,1.1675450801849365
2023-06-30 05:00:00,26027,1.0014336109161377
2023-06-30 06:00:00,26027,0.8724931478500366
2023-06-30 07:00:00,26027,0.7071295380592346
2023-06-30 08:00:00,26027,0.6944584250450134
2023-06-30 09:00:00,26027,0.648588240146637
2023-06-30 10:00:00,26027,0.6655014157295227
2023-06-30 11:00:00,26027,0.7397149205207825
2023-06-30 12:00:00,26027,1.0165624618530273
2023-06-30 13:00:00,26027,1.2335679531097412
2023-06-30 14:00:00,26027,1.4692294597625732
2023-06-30 15:00:00,26027,1.4507348537445068
2023-06-30 16:00:00,26027,1.4052295684814453
2023-06-30 17:00:00,26027,1.298537254333496
2023-06-30 18:00:00,26027,1.1763838529586792
2023-06-30 19:00:00,26027,1.1808327436447144
2023-06-30 20:00:00,26027,1.1863574981689453
2023-06-30 21:00:00,26027,1.2575736045837402
2023-06-30 22:00:00,26027,1.2956104278564453
2023-06-30 23:00:00,26027,1.2433208227157593
2023-07-01 00:00:00,26027,1.1467161178588867
2023-06-30 01:00:00,26029,0.020771702751517296
2023-06-30 02:00:00,26029,0.025537053123116493
2023-06-30 03:00:00,26029,0.03396470472216606
2023-06-30 04:00:00,26029,0.03672035411000252
2023-06-30 05:00:00,26029,0.049687162041664124
2023-06-30 06:00:00,26029,0.05074220150709152
2023-06-30 07:00:00,26029,0.04613519459962845
2023-06-30 08:00:00,26029,0.04421016201376915
2023-06-30 09:00:00,26029,0.04705590382218361
2023-06-30 10:00:00,26029,0.05078308656811714
2023-06-30 11:00:00,26029,0.06908461451530457
2023-06-30 12:00:00,26029,0.09130091965198517
2023-06-30 13:00:00,26029,0.18314434587955475
2023-06-30 14:00:00,26029,0.2255195677280426
2023-06-30 15:00:00,26029,0.23316815495491028
2023-06-30 16:00:00,26029,0.22573289275169373
2023-06-30 17:00:00,26029,0.21184298396110535
2023-06-30 18:00:00,26029,0.19407787919044495
2023-06-30 19:00:00,26029,0.19400277733802795
2023-06-30 20:00:00,26029,0.19781999289989471
2023-06-30 21:00:00,26029,0.19960495829582214
2023-06-30 22:00:00,26029,0.20565097033977509
2023-06-30 23:00:00,26029,0.20602062344551086
2023-07-01 00:00:00,26029,0.16998940706253052
2023-06-30 01:00:00,26031,0.037311747670173645
2023-06-30 02:00:00,26031,0.03986050933599472
2023-06-30 03:00:00,26031,0.058017291128635406
2023-06-30 04:00:00,26031,0.06037916988134384
2023-06-30 05:00:00,26031,0.07087194919586182
2023-06-30 06:00:00,26031,0.07909664511680603
2023-06-30 07:00:00,26031,0.07078619301319122
2023-06-30 08:00:00,26031,0.07085232436656952
2023-06-30 09:00:00,26031,0.06806464493274689
2023-06-30 10:00:00,26031,0.05589445307850838
2023-06-30 11:00:00,26031,0.07417096197605133
2023-06-30 12:00:00,26031,0.09738875925540924
2023-06-30 13:00:00,26031,0.17978975176811218
2023-06-30 14:00:00,26031,0.205591082572937
2023-06-30 15:00:00,26031,0.21491602063179016
2023-06-30 16:00:00,26031,0.21273890137672424
2023-06-30 17:00:00,26031,0.19337065517902374
2023-06-30 18:00:00,26031,0.18600879609584808
2023-06-30 19:00:00,26031,0.17853379249572754
2023-06-30 20:00:00,26031,0.1836133897304535
2023-06-30 21:00:00,26031,0.18397481739521027
2023-06-30 22:00:00,26031,0.1840202361345291
2023-06-30 23:00:00,26031,0.18393759429454803
2023-07-01 00:00:00,26031,0.14255736768245697
2023-06-30 01:00:00,26033,0.0703081339597702
2023-06-30 02:00:00,26033,0.07902122288942337
2023-06-30 03:00:00,26033,0.08726675808429718
2023-06-30 04:00:00,26033,0.09088002890348434
2023-06-30 05:00:00,26033,0.10907717794179916
2023-06-30 06:00:00,26033,0.1118362545967102
2023-06-30 07:00:00,26033,0.1014886125922203
2023-06-30 08:00:00,26033,0.09906938672065735
2023-06-30 09:00:00,26033,0.09769172966480255
2023-06-30 10:00:00,26033,0.10203218460083008
2023-06-30 11:00:00,26033,0.12477739155292511
2023-06-30 12:00:00,26033,0.16033479571342468
2023-06-30 13:00:00,26033,0.27095627784729004
2023-06-30 14:00:00,26033,0.32136473059654236
2023-06-30 15:00:00,26033,0.3251991271972656
2023-06-30 16:00:00,26033,0.325787752866745
2023-06-30 17:00:00,26033,0.30623385310173035
2023-06-30 18:00:00,26033,0.30338045954704285
2023-06-30 19:00:00,26033,0.3025400638580322
2023-06-30 20:00:00,26033,0.3124583959579468
2023-06-30 21:00:00,26033,0.3042352795600891
2023-06-30 22:00:00,26033,0.3024909198284149
2023-06-30 23:00:00,26033,0.28182393312454224
2023-07-01 00:00:00,26033,0.24042615294456482
2023-06-30 01:00:00,26035,79.40238189697266
2023-06-30 02:00:00,26035,43.449241638183594
2023-06-30 03:00:00,26035,21.777568817138672
2023-06-30 04:00:00,26035,13.833196640014648
2023-06-30 05:00:00,26035,8.460638046264648
2023-06-30 06:00:00,26035,7.574028968811035
2023-06-30 07:00:00,26035,2.7920830249786377
2023-06-30 08:00:00,26035,2.4936225414276123
2023-06-30 09:00:00,26035,2.253960609436035
2023-06-30 10:00:00,26035,2.0723867416381836
2023-06-30 11:00:00,26035,1.7866106033325195
2023-06-30 12:00:00,26035,1.7888309955596924
2023-06-30 13:00:00,26035,1.8244647979736328
2023-06-30 14:00:00,26035,1.7942686080932617
2023-06-30 15:00:00,26035,1.783220887184143
2023-06-30 16:00:00,26035,1.7647184133529663
2023-06-30 17:00:00,26035,1.7190606594085693
2023-06-30 18:00:00,26035,1.6740243434906006
2023-06-30 19:00:00,26035,1.559899091720581
2023-06-30 20:00:00,26035,1.5391050577163696
2023-06-30 21:00:00,26035,1.5284713506698608
2023-06-30 22:00:00,26035,1.529949426651001
2023-06-30 23:00:00,26035,1.544694423675537
2023-07-01 00:00:00,26035,1.5064080953598022
2023-06-30 01:00:00,26037,0.4747481942176819
2023-06-30 02:00:00,26037,0.45595216751098633
2023-06-30 03:00:00,26037,0.34756556153297424
2023-06-30 04:00:00,26037,0.3413470387458801
2023-06-30 05:00:00,26037,0.3538369834423065
2023-06-30 06:00:00,26037,0.36616745591163635
2023-06-30 07:00:00,26037,0.33246952295303345
2023-06-30 08:00:00,26037,0.32633060216903687
2023-06-30 09:00:00,26037,0.3210792541503906
2023-06-30 10:00:00,26037,0.3210705816745758
2023-06-30 11:00:00,26037,0.36213064193725586
2023-06-30 12:00:00,26037,0.457967609167099
2023-06-30 13:00:00,26037,0.8868526220321655
2023-06-30 14:00:00,26037,1.0137511491775513
2023-06-30 15:00:00,26037,1.0367610454559326
2023-06-30 16:00:00,26037,1.0059469938278198
2023-06-30 17:00:00,26037,0.9584789276123047
2023-06-30 18:00:00,26037,0.9575449228286743
2023-06-30 19:00:00,26037,0.9519532918930054
2023-06-30 20:00:00,26037,0.9694852828979492
2023-06-30 21:00:00,26037,0.9776398539543152
2023-06-30 22:00:00,26037,1.0034091472625732
2023-06-30 23:00:00,26037,0.9487357139587402
2023-07-01 00:00:00,26037,0.7837601900100708
2023-06-30 01:00:00,26039,0.04447446018457413
2023-06-30 02:00:00,26039,0.05130116268992424
2023-06-30 03:00:00,26039,0.05916072800755501
2023-06-30 04:00:00,26039,0.05757812410593033
2023-06-30 05:00:00,26039,0.07011152803897858
2023-06-30 06:00:00,26039,0.06903298199176788
2023-06-30 07:00:00,26039,0.0587410144507885
2023-06-30 08:00:00,26039,0.06294161826372147
2023-06-30 09:00:00,26039,0.0622992217540741
2023-06-30 10:00:00,26039,0.06659753620624542
2023-06-30 11:00:00,26039,0.09408727288246155
2023-06-30 12:00:00,26039,0.1311131715774536
2023-06-30 13:00:00,26039,0.2219095230102539
2023-06-30 14:00:00,26039,0.25730100274086
2023-06-30 15:00:00,26039,0.2680266797542572
2023-06-30 16:00:00,26039,0.2615683972835541
2023-06-30 17:00:00,26039,0.2355320155620575
2023-06-30 18:00:00,26039,0.22161522507667542
2023-06-30 19:00:00,26039,0.22214436531066895
2023-06-30 20:00:00,26039,0.23641720414161682
2023-06-30 21:00:00,26039,0.24701938033103943
2023-06-30 22:00:00,26039,0.2453010529279709
2023-06-30 23:00:00,26039,0.23238661885261536
2023-07-01 00:00:00,26039,0.20269493758678436
2023-06-30 01:00:00,26041,0.040478043258190155
2023-06-30 02:00:00,26041,0.055456943809986115
2023-06-30 03:00:00,26041,0.065884530544281
2023-06-30 04:00:00,26041,0.06799359619617462
2023-06-30 05:00:00,26041,0.08935702592134476
2023-06-30 06:00:00,26041,0.08868009597063065
2023-06-30 07:00:00,26041,0.08469589054584503
2023-06-30 08:00:00,26041,0.07753564417362213
2023-06-30 09:00:00,26041,0.08093984425067902
2023-06-30 10:00:00,26041,0.0833626464009285
2023-06-30 11:00:00,26041,0.10056813061237335
2023-06-30 12:00:00,26041,0.13391682505607605
2023-06-30 13:00:00,26041,0.22993715107440948
2023-06-30 14:00:00,26041,0.28076112270355225
2023-06-30 15:00:00,26041,0.27937543392181396
2023-06-30 16:00:00,26041,0.2720147371292114
2023-06-30 17:00:00,26041,0.24107758700847626
2023-06-30 18:00:00,26041,0.21588730812072754
2023-06-30 19:00:00,26041,0.21074526011943817
2023-06-30 20:00:00,26041,0.2153213769197464
2023-06-30 21:00:00,26041,0.21445629000663757
2023-06-30 22:00:00,26041,0.21571025252342224
2023-06-30 23:00:00,26041,0.21833929419517517
2023-07-01 00:00:00,26041,0.16801810264587402
2023-06-30 01:00:00,26043,0.13248202204704285
2023-06-30 02:00:00,26043,0.14276376366615295
2023-06-30 03:00:00,26043,0.14797455072402954
2023-06-30 04:00:00,26043,0.14868858456611633
2023-06-30 05:00:00,26043,0.15314272046089172
2023-06-30 06:00:00,26043,0.15380524098873138
2023-06-30 07:00:00,26043,0.14261481165885925
2023-06-30 08:00:00,26043,0.14048275351524353
2023-06-30 09:00:00,26043,0.15284943580627441
2023-06-30 10:00:00,26043,0.15050747990608215
2023-06-30 11:00:00,26043,0.16224071383476257
2023-06-30 12:00:00,26043,0.18217207491397858
2023-06-30 13:00:00,26043,0.2573990225791931
2023-06-30 14:00:00,26043,0.28562331199645996
2023-06-30 15:00:00,26043,0.2882169187068939
2023-06-30 16:00:00,26043,0.2708916962146759
2023-06-30 17:00:00,26043,0.2543788254261017
2023-06-30 18:00:00,26043,0.24432873725891113
2023-06-30 19:00:00,26043,0.241521954536438
2023-06-30 20:00:00,26043,0.2526741027832031
2023-06-30 21:00:00,26043,0.2455747127532959
2023-06-30 22:00:00,26043,0.25037452578544617
2023-06-30 23:00:00,26043,0.24691589176654816
2023-07-01 00:00:00,26043,0.21187682449817657
2023-06-30 01:00:00,26045,0.85662442445755
2023-06-30 02:00:00,26045,0.7534942626953125
2023-06-30 03:00:00,26045,0.46549978852272034
2023-06-30 04:00:00,26045,0.4338100552558899
2023-06-30 05:00:00,26045,0.4016495645046234
2023-06-30 06:00:00,26045,0.38487496972084045
2023-06-30 07:00:00,26045,0.3476012945175171
2023-06-30 08:00:00,26045,0.3668670952320099
2023-06-30 09:00:00,26045,0.363328218460083
2023-06-30 10:00:00,26045,0.36903131008148193
2023-06-30 11:00:00,26045,0.418159544467926
2023-06-30 12:00:00,26045,0.5317680239677429
2023-06-30 13:00:00,26045,0.8419222831726074
2023-06-30 14:00:00,26045,0.9827059507369995
2023-06-30 15:00:00,26045,0.9742017984390259
2023-06-30 16:00:00,26045,0.9556230306625366
2023-06-30 17:00:00,26045,0.8748295903205872
2023-06-30 18:00:00,26045,0.8450928926467896
2023-06-30 19:00:00,26045,0.8399397730827332
2023-06-30 20:00:00,26045,0.836338222026825
2023-06-30 21:00:00,26045,0.8460439443588257
2023-06-30 22:00:00,26045,0.8532530665397644
2023-06-30 23:00:00,26045,0.793580174446106
2023-07-01 00:00:00,26045,0.6961280703544617
2023-06-30 01:00:00,26047,0.03528304398059845
2023-06-30 02:00:00,26047,0.038160454481840134
2023-06-30 03:00:00,26047,0.04195771738886833
2023-06-30 04:00:00,26047,0.04305634647607803
2023-06-30 05:00:00,26047,0.05049685761332512
2023-06-30 06:00:00,26047,0.050563544034957886
2023-06-30 07:00:00,26047,0.04494904354214668
2023-06-30 08:00:00,26047,0.044632624834775925
2023-06-30 09:00:00,26047,0.04456685855984688
2023-06-30 10:00:00,26047,0.04688438028097153
2023-06-30 11:00:00,26047,0.06080430746078491
2023-06-30 12:00:00,26047,0.09390895068645477
2023-06-30 13:00:00,26047,0.14855580031871796
2023-06-30 14:00:00,26047,0.17891952395439148
2023-06-30 15:00:00,26047,0.18491342663764954
2023-06-30 16:00:00,26047,0.18332628905773163
2023-06-30 17:00:00,26047,0.16789290308952332
2023-06-30 18:00:00,26047,0.16113698482513428
2023-06-30 19:00:00,26047,0.16252565383911133
2023-06-30 20:00:00,26047,0.16857241094112396
2023-06-30 21:00:00,26047,0.17029711604118347
2023-06-30 22:00:00,26047,0.17190518975257874
2023-06-30 23:00:00,26047,0.16815994679927826
2023-07-01 00:00:00,26047,0.14114505052566528
2023-06-30 01:00:00,26049,5.533600330352783
2023-06-30 02:00:00,26049,5.059327602386475
2023-06-30 03:00:00,26049,4.7101850509643555
2023-06-30 04:00:00,26049,4.203415870666504
2023-06-30 05:00:00,26049,3.9908270835876465
2023-06-30 06:00:00,26049,3.9148356914520264
2023-06-30 07:00:00,26049,3.702876567840576
2023-06-30 08:00:00,26049,3.5541045665740967
2023-06-30 09:00:00,26049,3.417048692703247
2023-06-30 10:00:00,26049,3.440883159637451
2023-06-30 11:00:00,26049,3.8129334449768066
2023-06-30 12:00:00,26049,5.234058856964111
2023-06-30 13:00:00,26049,8.214469909667969
2023-06-30 14:00:00,26049,9.671977996826172
2023-06-30 15:00:00,26049,9.711372375488281
2023-06-30 16:00:00,26049,9.882013320922852
2023-06-30 17:00:00,26049,9.49924373626709
2023-06-30 18:00:00,26049,8.915939331054688
2023-06-30 19:00:00,26049,8.847496032714844
2023-06-30 20:00:00,26049,8.90165901184082
2023-06-30 21:00:00,26049,9.314908027648926
2023-06-30 22:00:00,26049,9.483055114746094
2023-06-30 23:00:00,26049,8.9520263671875
2023-07-01 00:00:00,26049,7.607728481292725
2023-06-30 01:00:00,26051,0.08628173172473907
2023-06-30 02:00:00,26051,0.07193943113088608
2023-06-30 03:00:00,26051,0.07456107437610626
2023-06-30 04:00:00,26051,0.08094606548547745
2023-06-30 05:00:00,26051,0.0966048613190651
2023-06-30 06:00:00,26051,0.09554211795330048
2023-06-30 07:00:00,26051,0.08574799448251724
2023-06-30 08:00:00,26051,0.08873261511325836
2023-06-30 09:00:00,26051,0.08121886849403381
2023-06-30 10:00:00,26051,0.08827634155750275
2023-06-30 11:00:00,26051,0.13902589678764343
2023-06-30 12:00:00,26051,0.22764258086681366
2023-06-30 13:00:00,26051,0.2928534150123596
2023-06-30 14:00:00,26051,0.36801403760910034
2023-06-30 15:00:00,26051,0.3729289174079895
2023-06-30 16:00:00,26051,0.3650466799736023
2023-06-30 17:00:00,26051,0.34495875239372253
2023-06-30 18:00:00,26051,0.33310577273368835
2023-06-30 19:00:00,26051,0.3421536982059479
2023-06-30 20:00:00,26051,0.3465590476989746
2023-06-30 21:00:00,26051,0.3522568643093109
2023-06-30 22:00:00,26051,0.3519260883331299
2023-06-30 23:00:00,26051,0.31143718957901
2023-07-01 00:00:00,26051,0.26787105202674866
2023-06-30 01:00:00,26053,1.8778575658798218
2023-06-30 02:00:00,26053,1.9277015924453735
2023-06-30 03:00:00,26053,1.957349419593811
2023-06-30 04:00:00,26053,1.897851586341858
2023-06-30 05:00:00,26053,1.8842706680297852
2023-06-30 06:00:00,26053,1.9138038158416748
2023-06-30 07:00:00,26053,1.88960862159729
2023-06-30 08:00:00,26053,1.9039719104766846
2023-06-30 09:00:00,26053,1.878572702407837
2023-06-30 10:00:00,26053,1.8483585119247437
2023-06-30 11:00:00,26053,1.807758092880249
2023-06-30 12:00:00,26053,1.8316625356674194
2023-06-30 13:00:00,26053,1.9460773468017578
2023-06-30 14:00:00,26053,2.0099456310272217
2023-06-30 15:00:00,26053,1.9948333501815796
2023-06-30 16:00:00,26053,1.9175952672958374
2023-06-30 17:00:00,26053,1.8456265926361084
2023-06-30 18:00:00,26053,1.7459876537322998
2023-06-30 19:00:00,26053,1.7011442184448242
2023-06-30 20:00:00,26053,1.7167495489120483
2023-06-30 21:00:00,26053,1.7773735523223877
2023-06-30 22:00:00,26053,1.780379295349121
2023-06-30 23:00:00,26053,1.8613122701644897
2023-07-01 00:00:00,26053,1.8725545406341553
2023-06-30 01:00:00,26055,1.199967384338379
2023-06-30 02:00:00,26055,1.1320056915283203
2023-06-30 03:00:00,26055,0.9205900430679321
2023-06-30 04:00:00,26055,0.8454177975654602
2023-06-30 05:00:00,26055,0.8384425044059753
2023-06-30 06:00:00,26055,0.8281591534614563
2023-06-30 07:00:00,26055,0.5704339742660522
2023-06-30 08:00:00,26055,0.5518245697021484
2023-06-30 09:00:00,26055,0.5437368154525757
2023-06-30 10:00:00,26055,0.5409170389175415
2023-06-30 11:00:00,26055,0.6345678567886353
2023-06-30 12:00:00,26055,0.9239781498908997
2023-06-30 13:00:00,26055,1.4544967412948608
2023-06-30 14:00:00,26055,1.6821067333221436
2023-06-30 15:00:00,26055,1.6115376949310303
2023-06-30 16:00:00,26055,1.5531114339828491
2023-06-30 17:00:00,26055,1.3752353191375732
2023-06-30 18:00:00,26055,1.2092726230621338
2023-06-30 19:00:00,26055,1.1724025011062622
2023-06-30 20:00:00,26055,1.1763689517974854
2023-06-30 21:00:00,26055,1.2104554176330566
2023-06-30 22:00:00,26055,1.2438178062438965
2023-06-30 23:00:00,26055,1.2738136053085327
2023-07-01 00:00:00,26055,1.1573220491409302
2023-06-30 01:00:00,26057,0.10489101707935333
2023-06-30 02:00:00,26057,0.10632209479808807
2023-06-30 03:00:00,26057,0.10927276313304901
2023-06-30 04:00:00,26057,0.10690529644489288
2023-06-30 05:00:00,26057,0.12395919859409332
2023-06-30 06:00:00,26057,0.11958374828100204
2023-06-30 07:00:00,26057,0.09873268753290176
2023-06-30 08:00:00,26057,0.09655376523733139
2023-06-30 09:00:00,26057,0.0897587239742279
2023-06-30 10:00:00,26057,0.09165021777153015
2023-06-30 11:00:00,26057,0.1211395412683487
2023-06-30 12:00:00,26057,0.16121138632297516
2023-06-30 13:00:00,26057,0.27442312240600586
2023-06-30 14:00:00,26057,0.34238019585609436
2023-06-30 15:00:00,26057,0.35065242648124695
2023-06-30 16:00:00,26057,0.34256628155708313
2023-06-30 17:00:00,26057,0.3269461691379547
2023-06-30 18:00:00,26057,0.31297537684440613
2023-06-30 19:00:00,26057,0.32556647062301636
2023-06-30 20:00:00,26057,0.33385875821113586
2023-06-30 21:00:00,26057,0.3473595976829529
2023-06-30 22:00:00,26057,0.3622707724571228
2023-06-30 23:00:00,26057,0.3379074037075043
2023-07-01 00:00:00,26057,0.28664496541023254
2023-06-30 01:00:00,26059,7.326302528381348
2023-06-30 02:00:00,26059,3.392277240753174
2023-06-30 03:00:00,26059,1.7457420825958252
2023-06-30 04:00:00,26059,1.1040232181549072
2023-06-30 05:00:00,26059,0.8621530532836914
2023-06-30 06:00:00,26059,0.697195827960968
2023-06-30 07:00:00,26059,0.5576712489128113
2023-06-30 08:00:00,26059,0.49462395906448364
2023-06-30 09:00:00,26059,0.3725438714027405
2023-06-30 10:00:00,26059,0.3223629593849182
2023-06-30 11:00:00,26059,0.34797734022140503
2023-06-30 12:00:00,26059,0.4456341862678528
2023-06-30 13:00:00,26059,0.603067934513092
2023-06-30 14:00:00,26059,0.7269378900527954
2023-06-30 15:00:00,26059,0.7159639000892639
2023-06-30 16:00:00,26059,0.6970561742782593
2023-06-30 17:00:00,26059,0.6386537551879883
2023-06-30 18:00:00,26059,0.5980585217475891
2023-06-30 19:00:00,26059,0.5854594111442566
2023-06-30 20:00:00,26059,0.5962994694709778
2023-06-30 21:00:00,26059,0.5976125001907349
2023-06-30 22:00:00,26059,0.5661420226097107
2023-06-30 23:00:00,26059,0.5392652153968811
2023-07-01 00:00:00,26059,0.4473417401313782
2023-06-30 01:00:00,26061,7.165727138519287
2023-06-30 02:00:00,26061,7.065450191497803
2023-06-30 03:00:00,26061,6.941298007965088
2023-06-30 04:00:00,26061,6.828516483306885
2023-06-30 05:00:00,26061,6.782614231109619
2023-06-30 06:00:00,26061,6.694722652435303
2023-06-30 07:00:00,26061,6.484780311584473
2023-06-30 08:00:00,26061,6.446952819824219
2023-06-30 09:00:00,26061,6.526271820068359
2023-06-30 10:00:00,26061,6.472745418548584
2023-06-30 11:00:00,26061,6.5945281982421875
2023-06-30 12:00:00,26061,6.988938808441162
2023-06-30 13:00:00,26061,7.550342559814453
2023-06-30 14:00:00,26061,8.017260551452637
2023-06-30 15:00:00,26061,7.934737205505371
2023-06-30 16:00:00,26061,7.609410762786865
2023-06-30 17:00:00,26061,7.1876115798950195
2023-06-30 18:00:00,26061,6.733156681060791
2023-06-30 19:00:00,26061,6.5467634201049805
2023-06-30 20:00:00,26061,6.497195243835449
2023-06-30 21:00:00,26061,6.5113091468811035
2023-06-30 22:00:00,26061,6.588929653167725
2023-06-30 23:00:00,26061,6.633293151855469
2023-07-01 00:00:00,26061,6.541459083557129
2023-06-30 01:00:00,26063,0.4220247268676758
2023-06-30 02:00:00,26063,0.4253866672515869
2023-06-30 03:00:00,26063,0.42431774735450745
2023-06-30 04:00:00,26063,0.43269985914230347
2023-06-30 05:00:00,26063,0.4596342444419861
2023-06-30 06:00:00,26063,0.47023850679397583
2023-06-30 07:00:00,26063,0.4511699080467224
2023-06-30 08:00:00,26063,0.44951310753822327
2023-06-30 09:00:00,26063,0.44887495040893555
2023-06-30 10:00:00,26063,0.4650065004825592
2023-06-30 11:00:00,26063,0.49610233306884766
2023-06-30 12:00:00,26063,0.5484405755996704
2023-06-30 13:00:00,26063,0.7705968022346497
2023-06-30 14:00:00,26063,0.8526096343994141
2023-06-30 15:00:00,26063,0.8610390424728394
2023-06-30 16:00:00,26063,0.8579538464546204
2023-06-30 17:00:00,26063,0.8298671841621399
2023-06-30 18:00:00,26063,0.8037447929382324
2023-06-30 19:00:00,26063,0.7980219721794128
2023-06-30 20:00:00,26063,0.8050702810287476
2023-06-30 21:00:00,26063,0.8058443069458008
2023-06-30 22:00:00,26063,0.8085663914680481
2023-06-30 23:00:00,26063,0.7794198989868164
2023-07-01 00:00:00,26063,0.6491444706916809
2023-06-30 01:00:00,26065,0.857620120048523
2023-06-30 02:00:00,26065,0.905968189239502
2023-06-30 03:00:00,26065,0.9585264921188354
2023-06-30 04:00:00,26065,0.9845383763313293
2023-06-30 05:00:00,26065,1.1296442747116089
2023-06-30 06:00:00,26065,1.1820893287658691
2023-06-30 07:00:00,26065,1.11640202999115
2023-06-30 08:00:00,26065,1.1104034185409546
2023-06-30 09:00:00,26065,1.1398338079452515
2023-06-30 10:00:00,26065,1.1829909086227417
2023-06-30 11:00:00,26065,1.3180124759674072
2023-06-30 12:00:00,26065,1.7040525674819946
2023-06-30 13:00:00,26065,2.892043352127075
2023-06-30 14:00:00,26065,3.659933567047119
2023-06-30 15:00:00,26065,3.708934783935547
2023-06-30 16:00:00,26065,3.7436153888702393
2023-06-30 17:00:00,26065,3.4609572887420654
2023-06-30 18:00:00,26065,3.137084484100342
2023-06-30 19:00:00,26065,2.803873300552368
2023-06-30 20:00:00,26065,2.8990464210510254
2023-06-30 21:00:00,26065,2.8893778324127197
2023-06-30 22:00:00,26065,2.8929636478424072
2023-06-30 23:00:00,26065,2.8035941123962402
2023-07-01 00:00:00,26065,2.168074131011963
2023-06-30 01:00:00,26067,0.25643518567085266
2023-06-30 02:00:00,26067,0.29554232954978943
2023-06-30 03:00:00,26067,0.3113469183444977
2023-06-30 04:00:00,26067,0.3010876774787903
2023-06-30 05:00:00,26067,0.3427859842777252
2023-06-30 06:00:00,26067,0.3405129313468933
2023-06-30 07:00:00,26067,0.30521219968795776
2023-06-30 08:00:00,26067,0.29852956533432007
2023-06-30 09:00:00,26067,0.3040534257888794
2023-06-30 10:00:00,26067,0.31423845887184143
2023-06-30 11:00:00,26067,0.3637663424015045
2023-06-30 12:00:00,26067,0.5872882604598999
2023-06-30 13:00:00,26067,0.8728498220443726
2023-06-30 14:00:00,26067,1.031706690788269
2023-06-30 15:00:00,26067,1.0310680866241455
2023-06-30 16:00:00,26067,0.9848788976669312
2023-06-30 17:00:00,26067,0.9100416898727417
2023-06-30 18:00:00,26067,0.864981472492218
2023-06-30 19:00:00,26067,0.8763458132743835
2023-06-30 20:00:00,26067,0.8830386996269226
2023-06-30 21:00:00,26067,0.9230395555496216
2023-06-30 22:00:00,26067,0.9605585336685181
2023-06-30 23:00:00,26067,0.9305112957954407
2023-07-01 00:00:00,26067,0.7523380517959595
2023-06-30 01:00:00,26069,0.006287057884037495
2023-06-30 02:00:00,26069,0.010191846638917923
2023-06-30 03:00:00,26069,0.014711856842041016
2023-06-30 04:00:00,26069,0.013167564757168293
2023-06-30 05:00:00,26069,0.017683129757642746
2023-06-30 06:00:00,26069,0.017225537449121475
2023-06-30 07:00:00,26069,0.009472841396927834
2023-06-30 08:00:00,26069,0.011650880798697472
2023-06-30 09:00:00,26069,0.012364882044494152
2023-06-30 10:00:00,26069,0.012381603009998798
2023-06-30 11:00:00,26069,0.02118241786956787
2023-06-30 12:00:00,26069,0.04543059319257736
2023-06-30 13:00:00,26069,0.0893273800611496
2023-06-30 14:00:00,26069,0.12407183647155762
2023-06-30 15:00:00,26069,0.1321382075548172
2023-06-30 16:00:00,26069,0.12888577580451965
2023-06-30 17:00:00,26069,0.11097012460231781
2023-06-30 18:00:00,26069,0.1089216098189354
2023-06-30 19:00:00,26069,0.11089180409908295
2023-06-30 20:00:00,26069,0.11679621785879135
2023-06-30 21:00:00,26069,0.12015260756015778
2023-06-30 22:00:00,26069,0.14173439145088196
2023-06-30 23:00:00,26069,0.1303817480802536
2023-07-01 00:00:00,26069,0.11550428718328476
2023-06-30 01:00:00,26071,0.19110269844532013
2023-06-30 02:00:00,26071,0.19199815392494202
2023-06-30 03:00:00,26071,0.19909662008285522
2023-06-30 04:00:00,26071,0.17881958186626434
2023-06-30 05:00:00,26071,0.2095227688550949
2023-06-30 06:00:00,26071,0.2101532220840454
2023-06-30 07:00:00,26071,0.2058279812335968
2023-06-30 08:00:00,26071,0.19310051202774048
2023-06-30 09:00:00,26071,0.21022029221057892
2023-06-30 10:00:00,26071,0.20856685936450958
2023-06-30 11:00:00,26071,0.24776872992515564
2023-06-30 12:00:00,26071,0.2859702706336975
2023-06-30 13:00:00,26071,0.3906014561653137
2023-06-30 14:00:00,26071,0.431943416595459
2023-06-30 15:00:00,26071,0.42942333221435547
2023-06-30 16:00:00,26071,0.4100649356842041
2023-06-30 17:00:00,26071,0.3905993402004242
2023-06-30 18:00:00,26071,0.33283060789108276
2023-06-30 19:00:00,26071,0.32973751425743103
2023-06-30 20:00:00,26071,0.33465757966041565
2023-06-30 21:00:00,26071,0.3577255308628082
2023-06-30 22:00:00,26071,0.3606296181678772
2023-06-30 23:00:00,26071,0.3692587912082672
2023-07-01 00:00:00,26071,0.3594873547554016
2023-06-30 01:00:00,26073,0.12711216509342194
2023-06-30 02:00:00,26073,0.14157970249652863
2023-06-30 03:00:00,26073,0.14508287608623505
2023-06-30 04:00:00,26073,0.1437603086233139
2023-06-30 05:00:00,26073,0.1702575981616974
2023-06-30 06:00:00,26073,0.17812436819076538
2023-06-30 07:00:00,26073,0.16039910912513733
2023-06-30 08:00:00,26073,0.15532004833221436
2023-06-30 09:00:00,26073,0.14939530193805695
2023-06-30 10:00:00,26073,0.1497229039669037
2023-06-30 11:00:00,26073,0.18031230568885803
2023-06-30 12:00:00,26073,0.2304622232913971
2023-06-30 13:00:00,26073,0.42830437421798706
2023-06-30 14:00:00,26073,0.5092477798461914
2023-06-30 15:00:00,26073,0.5220025181770325
2023-06-30 16:00:00,26073,0.5250593423843384
2023-06-30 17:00:00,26073,0.5020216107368469
2023-06-30 18:00:00,26073,0.5054131746292114
2023-06-30 19:00:00,26073,0.5085493326187134
2023-06-30 20:00:00,26073,0.5191013216972351
2023-06-30 21:00:00,26073,0.524896502494812
2023-06-30 22:00:00,26073,0.5435751676559448
2023-06-30 23:00:00,26073,0.48734110593795776
2023-07-01 00:00:00,26073,0.3988032937049866
2023-06-30 01:00:00,26075,1.1016426086425781
2023-06-30 02:00:00,26075,1.0770424604415894
2023-06-30 03:00:00,26075,1.0011624097824097
2023-06-30 04:00:00,26075,0.9911575317382812
2023-06-30 05:00:00,26075,1.0208818912506104
2023-06-30 06:00:00,26075,0.9570819139480591
2023-06-30 07:00:00,26075,0.8903529047966003
2023-06-30 08:00:00,26075,0.869807243347168
2023-06-30 09:00:00,26075,0.8561115264892578
2023-06-30 10:00:00,26075,0.8659775853157043
2023-06-30 11:00:00,26075,0.9745137095451355
2023-06-30 12:00:00,26075,1.4373165369033813
2023-06-30 13:00:00,26075,2.739668369293213
2023-06-30 14:00:00,26075,3.190518379211426
2023-06-30 15:00:00,26075,3.1793689727783203
2023-06-30 16:00:00,26075,3.1273703575134277
2023-06-30 17:00:00,26075,2.988218069076538
2023-06-30 18:00:00,26075,2.7322840690612793
2023-06-30 19:00:00,26075,2.697235584259033
2023-06-30 20:00:00,26075,2.6878230571746826
2023-06-30 21:00:00,26075,2.6241464614868164
2023-06-30 22:00:00,26075,2.7006163597106934
2023-06-30 23:00:00,26075,2.650235652923584
2023-07-01 00:00:00,26075,2.246309757232666
2023-06-30 01:00:00,26077,0.9585196375846863
2023-06-30 02:00:00,26077,0.8963316082954407
2023-06-30 03:00:00,26077,0.7911854386329651
2023-06-30 04:00:00,26077,0.8106594085693359
2023-06-30 05:00:00,26077,0.8563858866691589
2023-06-30 06:00:00,26077,0.8703497648239136
2023-06-30 07:00:00,26077,0.8440445065498352
2023-06-30 08:00:00,26077,0.8403708338737488
2023-06-30 09:00:00,26077,0.8518743515014648
2023-06-30 10:00:00,26077,0.8632399439811707
2023-06-30 11:00:00,26077,1.0281782150268555
2023-06-30 12:00:00,26077,1.7244045734405518
2023-06-30 13:00:00,26077,2.610187292098999
2023-06-30 14:00:00,26077,3.0148446559906006
2023-06-30 15:00:00,26077,2.9144396781921387
2023-06-30 16:00:00,26077,2.725487232208252
2023-06-30 17:00:00,26077,2.502254009246826
2023-06-30 18:00:00,26077,2.2681899070739746
2023-06-30 19:00:00,26077,2.2292323112487793
2023-06-30 20:00:00,26077,2.2866110801696777
2023-06-30 21:00:00,26077,2.3250174522399902
2023-06-30 22:00:00,26077,2.3954594135284424
2023-06-30 23:00:00,26077,2.2293734550476074
2023-07-01 00:00:00,26077,1.9223562479019165
2023-06-30 01:00:00,26079,0.06092830374836922
2023-06-30 02:00:00,26079,0.05912696570158005
2023-06-30 03:00:00,26079,0.059528280049562454
2023-06-30 04:00:00,26079,0.055615413933992386
2023-06-30 05:00:00,26079,0.07001064717769623
2023-06-30 06:00:00,26079,0.06907489150762558
2023-06-30 07:00:00,26079,0.07051452249288559
2023-06-30 08:00:00,26079,0.06348161399364471
2023-06-30 09:00:00,26079,0.06649450957775116
2023-06-30 10:00:00,26079,0.06866532564163208
2023-06-30 11:00:00,26079,0.08622652292251587
2023-06-30 12:00:00,26079,0.11326583474874496
2023-06-30 13:00:00,26079,0.15956059098243713
2023-06-30 14:00:00,26079,0.18820519745349884
2023-06-30 15:00:00,26079,0.19283118844032288
2023-06-30 16:00:00,26079,0.19024932384490967
2023-06-30 17:00:00,26079,0.17563554644584656
2023-06-30 18:00:00,26079,0.1752064973115921
2023-06-30 19:00:00,26079,0.17425882816314697
2023-06-30 20:00:00,26079,0.1825806051492691
2023-06-30 21:00:00,26079,0.18010780215263367
2023-06-30 22:00:00,26079,0.18801793456077576
2023-06-30 23:00:00,26079,0.18471156060695648
2023-07-01 00:00:00,26079,0.16934986412525177
2023-06-30 01:00:00,26081,39.214054107666016
2023-06-30 02:00:00,26081,28.15987205505371
2023-06-30 03:00:00,26081,22.121137619018555
2023-06-30 04:00:00,26081,18.475177764892578
2023-06-30 05:00:00,26081,17.426233291625977
2023-06-30 06:00:00,26081,16.210575103759766
2023-06-30 07:00:00,26081,14.841708183288574
2023-06-30 08:00:00,26081,14.390157699584961
2023-06-30 09:00:00,26081,14.242300033569336
2023-06-30 10:00:00,26081,14.653759956359863
2023-06-30 11:00:00,26081,16.103416442871094
2023-06-30 12:00:00,26081,21.78229331970215
2023-06-30 13:00:00,26081,28.965595245361328
2023-06-30 14:00:00,26081,35.239410400390625
2023-06-30 15:00:00,26081,34.85175323486328
2023-06-30 16:00:00,26081,31.519649505615234
2023-06-30 17:00:00,26081,28.885860443115234
2023-06-30 18:00:00,26081,26.340417861938477
2023-06-30 19:00:00,26081,25.850927352905273
2023-06-30 20:00:00,26081,26.191417694091797
2023-06-30 21:00:00,26081,28.379657745361328
2023-06-30 22:00:00,26081,28.879751205444336
2023-06-30 23:00:00,26081,27.31924819946289
2023-07-01 00:00:00,26081,24.663063049316406
2023-06-30 01:00:00,26083,0.031227102503180504
2023-06-30 02:00:00,26083,0.03684629127383232
2023-06-30 03:00:00,26083,0.04371052607893944
2023-06-30 04:00:00,26083,0.03724230080842972
2023-06-30 05:00:00,26083,0.04502888023853302
2023-06-30 06:00:00,26083,0.04531926289200783
2023-06-30 07:00:00,26083,0.0384938009083271
2023-06-30 08:00:00,26083,0.03536558896303177
2023-06-30 09:00:00,26083,0.03650525212287903
2023-06-30 10:00:00,26083,0.033289648592472076
2023-06-30 11:00:00,26083,0.0425659641623497
2023-06-30 12:00:00,26083,0.04880569502711296
2023-06-30 13:00:00,26083,0.05933178588747978
2023-06-30 14:00:00,26083,0.07348372042179108
2023-06-30 15:00:00,26083,0.07702218741178513
2023-06-30 16:00:00,26083,0.06998918950557709
2023-06-30 17:00:00,26083,0.061499714851379395
2023-06-30 18:00:00,26083,0.04978949949145317
2023-06-30 19:00:00,26083,0.04726966470479965
2023-06-30 20:00:00,26083,0.053928814828395844
2023-06-30 21:00:00,26083,0.06534050405025482
2023-06-30 22:00:00,26083,0.06905275583267212
2023-06-30 23:00:00,26083,0.06908099353313446
2023-07-01 00:00:00,26083,0.06337632238864899
2023-06-30 01:00:00,26085,0.034871745854616165
2023-06-30 02:00:00,26085,0.04069293662905693
2023-06-30 03:00:00,26085,0.04495804384350777
2023-06-30 04:00:00,26085,0.03981832042336464
2023-06-30 05:00:00,26085,0.055146463215351105
2023-06-30 06:00:00,26085,0.050697267055511475
2023-06-30 07:00:00,26085,0.0423574224114418
2023-06-30 08:00:00,26085,0.03535492718219757
2023-06-30 09:00:00,26085,0.03641306236386299
2023-06-30 10:00:00,26085,0.034835636615753174
2023-06-30 11:00:00,26085,0.05140483379364014
2023-06-30 12:00:00,26085,0.08487290143966675
2023-06-30 13:00:00,26085,0.2007184773683548
2023-06-30 14:00:00,26085,0.2722248435020447
2023-06-30 15:00:00,26085,0.28018108010292053
2023-06-30 16:00:00,26085,0.276218444108963
2023-06-30 17:00:00,26085,0.26103660464286804
2023-06-30 18:00:00,26085,0.24717724323272705
2023-06-30 19:00:00,26085,0.25513142347335815
2023-06-30 20:00:00,26085,0.26910242438316345
2023-06-30 21:00:00,26085,0.2733544111251831
2023-06-30 22:00:00,26085,0.27197369933128357
2023-06-30 23:00:00,26085,0.23961620032787323
2023-07-01 00:00:00,26085,0.1919305920600891
2023-06-30 01:00:00,26087,0.9527880549430847
2023-06-30 02:00:00,26087,1.0264359712600708
2023-06-30 03:00:00,26087,1.063564658164978
2023-06-30 04:00:00,26087,1.1019537448883057
2023-06-30 05:00:00,26087,1.216126799583435
2023-06-30 06:00:00,26087,1.2558003664016724
2023-06-30 07:00:00,26087,1.22274911403656
2023-06-30 08:00:00,26087,1.2216945886611938
2023-06-30 09:00:00,26087,1.2161489725112915
2023-06-30 10:00:00,26087,1.2484118938446045
2023-06-30 11:00:00,26087,1.3034816980361938
2023-06-30 12:00:00,26087,1.6174724102020264
2023-06-30 13:00:00,26087,2.501286029815674
2023-06-30 14:00:00,26087,2.9097373485565186
2023-06-30 15:00:00,26087,2.9011406898498535
2023-06-30 16:00:00,26087,2.849104881286621
2023-06-30 17:00:00,26087,2.723205327987671
2023-06-30 18:00:00,26087,2.5837178230285645
2023-06-30 19:00:00,26087,2.502995729446411
2023-06-30 20:00:00,26087,2.482631206512451
2023-06-30 21:00:00,26087,2.4677517414093018
2023-06-30 22:00:00,26087,2.5288586616516113
2023-06-30 23:00:00,26087,2.3607096672058105
2023-07-01 00:00:00,26087,1.9795753955841064
2023-06-30 01:00:00,26089,0.1097223311662674
2023-06-30 02:00:00,26089,0.11660083383321762
2023-06-30 03:00:00,26089,0.12509460747241974
2023-06-30 04:00:00,26089,0.12929797172546387
2023-06-30 05:00:00,26089,0.14295093715190887
2023-06-30 06:00:00,26089,0.1595418006181717
2023-06-30 07:00:00,26089,0.1510966569185257
2023-06-30 08:00:00,26089,0.13879725337028503
2023-06-30 09:00:00,26089,0.14069600403308868
2023-06-30 10:00:00,26089,0.14486606419086456
2023-06-30 11:00:00,26089,0.1625639945268631
2023-06-30 12:00:00,26089,0.19124439358711243
2023-06-30 13:00:00,26089,0.27539992332458496
2023-06-30 14:00:00,26089,0.32346200942993164
2023-06-30 15:00:00,26089,0.32782116532325745
2023-06-30 16:00:00,26089,0.3113692104816437
2023-06-30 17:00:00,26089,0.3177613317966461
2023-06-30 18:00:00,26089,0.3033185601234436
2023-06-30 19:00:00,26089,0.3008529841899872
2023-06-30 20:00:00,26089,0.3041318356990814
2023-06-30 21:00:00,26089,0.30797266960144043
2023-06-30 22:00:00,26089,0.30806079506874084
2023-06-30 23:00:00,26089,0.3071216940879822
2023-07-01 00:00:00,26089,0.2705910801887512
2023-06-30 01:00:00,26091,1.3416815996170044
2023-06-30 02:00:00,26091,1.0787339210510254
2023-06-30 03:00:00,26091,0.6942256689071655
2023-06-30 04:00:00,26091,0.603855311870575
2023-06-30 05:00:00,26091,0.5352271199226379
2023-06-30 06:00:00,26091,0.5235704779624939
2023-06-30 07:00:00,26091,0.4763621687889099
2023-06-30 08:00:00,26091,0.49683770537376404
2023-06-30 09:00:00,26091,0.49241775274276733
2023-06-30 10:00:00,26091,0.49369582533836365
2023-06-30 11:00:00,26091,0.5759637355804443
2023-06-30 12:00:00,26091,0.8362480401992798
2023-06-30 13:00:00,26091,1.127322793006897
2023-06-30 14:00:00,26091,1.3424873352050781
2023-06-30 15:00:00,26091,1.3440768718719482
2023-06-30 16:00:00,26091,1.3247612714767456
2023-06-30 17:00:00,26091,1.1810489892959595
2023-06-30 18:00:00,26091,1.073430061340332
2023-06-30 19:00:00,26091,1.0539095401763916
2023-06-30 20:00:00,26091,1.0617358684539795
2023-06-30 21:00:00,26091,1.1059653759002686
2023-06-30 22:00:00,26091,1.1061584949493408
2023-06-30 23:00:00,26091,1.0568054914474487
2023-07-01 00:00:00,26091,0.9870417714118958
2023-06-30 01:00:00,26093,1.4994010925292969
2023-06-30 02:00:00,26093,1.5611588954925537
2023-06-30 03:00:00,26093,1.6116946935653687
2023-06-30 04:00:00,26093,1.7052513360977173
2023-06-30 05:00:00,26093,1.809476613998413
2023-06-30 06:00:00,26093,1.8362535238265991
2023-06-30 07:00:00,26093,1.7864668369293213
2023-06-30 08:00:00,26093,1.7864034175872803
2023-06-30 09:00:00,26093,1.7984577417373657
2023-06-30 10:00:00,26093,1.8120416402816772
2023-06-30 11:00:00,26093,1.9293272495269775
2023-06-30 12:00:00,26093,2.4512197971343994
2023-06-30 13:00:00,26093,3.956942081451416
2023-06-30 14:00:00,26093,4.482377052307129
2023-06-30 15:00:00,26093,4.492987632751465
2023-06-30 16:00:00,26093,4.397039413452148
2023-06-30 17:00:00,26093,4.135655403137207
2023-06-30 18:00:00,26093,3.897582530975342
2023-06-30 19:00:00,26093,3.7520389556884766
2023-06-30 20:00:00,26093,3.756373643875122
2023-06-30 21:00:00,26093,3.78044056892395
2023-06-30 22:00:00,26093,3.8031063079833984
2023-06-30 23:00:00,26093,3.6900343894958496
2023-07-01 00:00:00,26093,3.328890562057495
2023-06-30 01:00:00,26095,0.012620468623936176
2023-06-30 02:00:00,26095,0.014535559341311455
2023-06-30 03:00:00,26095,0.018947850912809372
2023-06-30 04:00:00,26095,0.017716873437166214
2023-06-30 05:00:00,26095,0.024689750745892525
2023-06-30 06:00:00,26095,0.02353539690375328
2023-06-30 07:00:00,26095,0.018455665558576584
2023-06-30 08:00:00,26095,0.01729549653828144
2023-06-30 09:00:00,26095,0.018573354929685593
2023-06-30 10:00:00,26095,0.02235862798988819
2023-06-30 11:00:00,26095,0.030954554677009583
2023-06-30 12:00:00,26095,0.04767543449997902
2023-06-30 13:00:00,26095,0.0836152657866478
2023-06-30 14:00:00,26095,0.10842651128768921
2023-06-30 15:00:00,26095,0.11231454461812973
2023-06-30 16:00:00,26095,0.10880886018276215
2023-06-30 17:00:00,26095,0.08853773027658463
2023-06-30 18:00:00,26095,0.08091405034065247
2023-06-30 19:00:00,26095,0.08237306773662567
2023-06-30 20:00:00,26095,0.10418818145990372
2023-06-30 21:00:00,26095,0.10458637773990631
2023-06-30 22:00:00,26095,0.10494948923587799
2023-06-30 23:00:00,26095,0.10320323705673218
2023-07-01 00:00:00,26095,0.08298030495643616
2023-06-30 01:00:00,26097,0.04907194525003433
2023-06-30 02:00:00,26097,0.053058553487062454
2023-06-30 03:00:00,26097,0.061145029962062836
2023-06-30 04:00:00,26097,0.061628926545381546
2023-06-30 05:00:00,26097,0.05893630534410477
2023-06-30 06:00:00,26097,0.060508597642183304
2023-06-30 07:00:00,26097,0.05420966073870659
2023-06-30 08:00:00,26097,0.055568475276231766
2023-06-30 09:00:00,26097,0.054814599454402924
2023-06-30 10:00:00,26097,0.057383377104997635
2023-06-30 11:00:00,26097,0.07207668572664261
2023-06-30 12:00:00,26097,0.10171147435903549
2023-06-30 13:00:00,26097,0.16258399188518524
2023-06-30 14:00:00,26097,0.1851683109998703
2023-06-30 15:00:00,26097,0.19306129217147827
2023-06-30 16:00:00,26097,0.18624451756477356
2023-06-30 17:00:00,26097,0.17774440348148346
2023-06-30 18:00:00,26097,0.1745537519454956
2023-06-30 19:00:00,26097,0.17314386367797852
2023-06-30 20:00:00,26097,0.1861560344696045
2023-06-30 21:00:00,26097,0.19229456782341003
2023-06-30 22:00:00,26097,0.1883685141801834
2023-06-30 23:00:00,26097,0.18947938084602356
2023-07-01 00:00:00,26097,0.16427777707576752
2023-06-30 01:00:00,26099,96.47877502441406
2023-06-30 02:00:00,26099,95.3178482055664
2023-06-30 03:00:00,26099,92.1385498046875
2023-06-30 04:00:00,26099,88.35377502441406
2023-06-30 05:00:00,26099,87.24996948242188
2023-06-30 06:00:00,26099,86.37834167480469
2023-06-30 07:00:00,26099,83.38665008544922
2023-06-30 08:00:00,26099,84.78932189941406
2023-06-30 09:00:00,26099,83.37410736083984
2023-06-30 10:00:00,26099,84.1397476196289
2023-06-30 11:00:00,26099,88.097412109375
2023-06-30 12:00:00,26099,103.78663635253906
2023-06-30 13:00:00,26099,132.05599975585938
2023-06-30 14:00:00,26099,149.86309814453125
2023-06-30 15:00:00,26099,150.16050720214844
2023-06-30 16:00:00,26099,147.41818237304688
2023-06-30 17:00:00,26099,136.1080322265625
2023-06-30 18:00:00,26099,128.15237426757812
2023-06-30 19:00:00,26099,124.96659851074219
2023-06-30 20:00:00,26099,124.917236328125
2023-06-30 21:00:00,26099,125.0357666015625
2023-06-30 22:00:00,26099,125.30975341796875
2023-06-30 23:00:00,26099,122.46891021728516
2023-07-01 00:00:00,26099,118.3790283203125
2023-06-30 01:00:00,26101,0.1861075460910797
2023-06-30 02:00:00,26101,0.18767456710338593
2023-06-30 03:00:00,26101,0.1951783448457718
2023-06-30 04:00:00,26101,0.191131591796875
2023-06-30 05:00:00,26101,0.21174243092536926
2023-06-30 06:00:00,26101,0.21345707774162292
2023-06-30 07:00:00,26101,0.18354663252830505
2023-06-30 08:00:00,26101,0.17130525410175323
2023-06-30 09:00:00,26101,0.17251524329185486
2023-06-30 10:00:00,26101,0.17759034037590027
2023-06-30 11:00:00,26101,0.21582365036010742
2023-06-30 12:00:00,26101,0.28877633810043335
2023-06-30 13:00:00,26101,0.5118563175201416
2023-06-30 14:00:00,26101,0.5902078747749329
2023-06-30 15:00:00,26101,0.6101632118225098
2023-06-30 16:00:00,26101,0.6022211909294128
2023-06-30 17:00:00,26101,0.5909422636032104
2023-06-30 18:00:00,26101,0.5981863141059875
2023-06-30 19:00:00,26101,0.6143633723258972
2023-06-30 20:00:00,26101,0.6529541015625
2023-06-30 21:00:00,26101,0.6738347411155701
2023-06-30 22:00:00,26101,0.6868732571601868
2023-06-30 23:00:00,26101,0.6539791822433472
2023-07-01 00:00:00,26101,0.5609322786331177
2023-06-30 01:00:00,26103,0.39068907499313354
2023-06-30 02:00:00,26103,0.3292934000492096
2023-06-30 03:00:00,26103,0.2472493201494217
2023-06-30 04:00:00,26103,0.23574547469615936
2023-06-30 05:00:00,26103,0.25040403008461
2023-06-30 06:00:00,26103,0.2519482374191284
2023-06-30 07:00:00,26103,0.2350272238254547
2023-06-30 08:00:00,26103,0.22617757320404053
2023-06-30 09:00:00,26103,0.2185487449169159
2023-06-30 10:00:00,26103,0.21455518901348114
2023-06-30 11:00:00,26103,0.23903504014015198
2023-06-30 12:00:00,26103,0.27967652678489685
2023-06-30 13:00:00,26103,0.435575395822525
2023-06-30 14:00:00,26103,0.47723203897476196
2023-06-30 15:00:00,26103,0.47532692551612854
2023-06-30 16:00:00,26103,0.4676331877708435
2023-06-30 17:00:00,26103,0.4451211392879486
2023-06-30 18:00:00,26103,0.42146095633506775
2023-06-30 19:00:00,26103,0.4160788953304291
2023-06-30 20:00:00,26103,0.4147433638572693
2023-06-30 21:00:00,26103,0.3950960636138916
2023-06-30 22:00:00,26103,0.40025487542152405
2023-06-30 23:00:00,26103,0.40581193566322327
2023-07-01 00:00:00,26103,0.34834691882133484
2023-06-30 01:00:00,26105,0.1109316349029541
2023-06-30 02:00:00,26105,0.1140652447938919
2023-06-30 03:00:00,26105,0.1286560446023941
2023-06-30 04:00:00,26105,0.1281655877828598
2023-06-30 05:00:00,26105,0.1492151916027069
2023-06-30 06:00:00,26105,0.15133869647979736
2023-06-30 07:00:00,26105,0.13356046378612518
2023-06-30 08:00:00,26105,0.125375434756279
2023-06-30 09:00:00,26105,0.12585410475730896
2023-06-30 10:00:00,26105,0.12452411651611328
2023-06-30 11:00:00,26105,0.15871679782867432
2023-06-30 12:00:00,26105,0.20114052295684814
2023-06-30 13:00:00,26105,0.39864400029182434
2023-06-30 14:00:00,26105,0.47544804215431213
2023-06-30 15:00:00,26105,0.47948718070983887
2023-06-30 16:00:00,26105,0.4686180055141449
2023-06-30 17:00:00,26105,0.4534575939178467
2023-06-30 18:00:00,26105,0.43429747223854065
2023-06-30 19:00:00,26105,0.43115583062171936
2023-06-30 20:00:00,26105,0.43402257561683655
2023-06-30 21:00:00,26105,0.4387354254722595
2023-06-30 22:00:00,26105,0.4358736574649811
2023-06-30 23:00:00,26105,0.4126763939857483
2023-07-01 00:00:00,26105,0.3378673791885376
2023-06-30 01:00:00,26107,0.10442503541707993
2023-06-30 02:00:00,26107,0.10773541033267975
2023-06-30 03:00:00,26107,0.11490526050329208
2023-06-30 04:00:00,26107,0.11428119987249374
2023-06-30 05:00:00,26107,0.13028381764888763
2023-06-30 06:00:00,26107,0.13308553397655487
2023-06-30 07:00:00,26107,0.12319691479206085
2023-06-30 08:00:00,26107,0.11962918192148209
2023-06-30 09:00:00,26107,0.12112649530172348
2023-06-30 10:00:00,26107,0.1256973147392273
2023-06-30 11:00:00,26107,0.14930805563926697
2023-06-30 12:00:00,26107,0.21251066029071808
2023-06-30 13:00:00,26107,0.33402079343795776
2023-06-30 14:00:00,26107,0.39275413751602173
2023-06-30 15:00:00,26107,0.40115857124328613
2023-06-30 16:00:00,26107,0.39941149950027466
2023-06-30 17:00:00,26107,0.38239583373069763
2023-06-30 18:00:00,26107,0.38101691007614136
2023-06-30 19:00:00,26107,0.38408124446868896
2023-06-30 20:00:00,26107,0.39147284626960754
2023-06-30 21:00:00,26107,0.3904625177383423
2023-06-30 22:00:00,26107,0.3863983750343323
2023-06-30 23:00:00,26107,0.36372166872024536
2023-07-01 00:00:00,26107,0.2988485097885132
2023-06-30 01:00:00,26109,0.16416844725608826
2023-06-30 02:00:00,26109,0.16398032009601593
2023-06-30 03:00:00,26109,0.16762907803058624
2023-06-30 04:00:00,26109,0.16619333624839783
2023-06-30 05:00:00,26109,0.2050604522228241
2023-06-30 06:00:00,26109,0.21519355475902557
2023-06-30 07:00:00,26109,0.20889320969581604
2023-06-30 08:00:00,26109,0.2067808359861374
2023-06-30 09:00:00,26109,0.2226223200559616
2023-06-30 10:00:00,26109,0.2249990999698639
2023-06-30 11:00:00,26109,0.2623778283596039
2023-06-30 12:00:00,26109,0.3379066586494446
2023-06-30 13:00:00,26109,0.5023502111434937
2023-06-30 14:00:00,26109,0.5626007914543152
2023-06-30 15:00:00,26109,0.5671903491020203
2023-06-30 16:00:00,26109,0.5481737852096558
2023-06-30 17:00:00,26109,0.5065345764160156
2023-06-30 18:00:00,26109,0.4833438992500305
2023-06-30 19:00:00,26109,0.48586520552635193
2023-06-30 20:00:00,26109,0.49096259474754333
2023-06-30 21:00:00,26109,0.47423943877220154
2023-06-30 22:00:00,26109,0.48144179582595825
2023-06-30 23:00:00,26109,0.48310136795043945
2023-07-01 00:00:00,26109,0.40902119874954224
2023-06-30 01:00:00,26111,0.26129037141799927
2023-06-30 02:00:00,26111,0.2696300148963928
2023-06-30 03:00:00,26111,0.2616337537765503
2023-06-30 04:00:00,26111,0.2748127579689026
2023-06-30 05:00:00,26111,0.3017856776714325
2023-06-30 06:00:00,26111,0.29973363876342773
2023-06-30 07:00:00,26111,0.28397196531295776
2023-06-30 08:00:00,26111,0.287977397441864
2023-06-30 09:00:00,26111,0.2873918414115906
2023-06-30 10:00:00,26111,0.32392993569374084
2023-06-30 11:00:00,26111,0.3844117224216461
2023-06-30 12:00:00,26111,0.5585812330245972
2023-06-30 13:00:00,26111,0.7063225507736206
2023-06-30 14:00:00,26111,0.7856881022453308
2023-06-30 15:00:00,26111,0.749830424785614
2023-06-30 16:00:00,26111,0.7322533130645752
2023-06-30 17:00:00,26111,0.6842924356460571
2023-06-30 18:00:00,26111,0.6601709127426147
2023-06-30 19:00:00,26111,0.6746441125869751
2023-06-30 20:00:00,26111,0.6812989115715027
2023-06-30 21:00:00,26111,0.6850045323371887
2023-06-30 22:00:00,26111,0.6901769042015076
2023-06-30 23:00:00,26111,0.6525591611862183
2023-07-01 00:00:00,26111,0.5818778276443481
2023-06-30 01:00:00,26113,0.09200525283813477
2023-06-30 02:00:00,26113,0.0941595807671547
2023-06-30 03:00:00,26113,0.10163434594869614
2023-06-30 04:00:00,26113,0.10602504014968872
2023-06-30 05:00:00,26113,0.1157958060503006
2023-06-30 06:00:00,26113,0.1129375696182251
2023-06-30 07:00:00,26113,0.09712811559438705
2023-06-30 08:00:00,26113,0.09237039089202881
2023-06-30 09:00:00,26113,0.08728824555873871
2023-06-30 10:00:00,26113,0.08925189077854156
2023-06-30 11:00:00,26113,0.10320234298706055
2023-06-30 12:00:00,26113,0.12722711265087128
2023-06-30 13:00:00,26113,0.20851293206214905
2023-06-30 14:00:00,26113,0.2454468011856079
2023-06-30 15:00:00,26113,0.25100451707839966
2023-06-30 16:00:00,26113,0.2541898190975189
2023-06-30 17:00:00,26113,0.24133750796318054
2023-06-30 18:00:00,26113,0.23315027356147766
2023-06-30 19:00:00,26113,0.23578011989593506
2023-06-30 20:00:00,26113,0.24702902138233185
2023-06-30 21:00:00,26113,0.24952831864356995
2023-06-30 22:00:00,26113,0.2582281231880188
2023-06-30 23:00:00,26113,0.24842622876167297
2023-07-01 00:00:00,26113,0.20680685341358185
2023-06-30 01:00:00,26115,7.973107814788818
2023-06-30 02:00:00,26115,7.833498954772949
2023-06-30 03:00:00,26115,7.810999393463135
2023-06-30 04:00:00,26115,7.7685723304748535
2023-06-30 05:00:00,26115,7.847258567810059
2023-06-30 06:00:00,26115,7.829460144042969
2023-06-30 07:00:00,26115,7.613033294677734
2023-06-30 08:00:00,26115,7.635983943939209
2023-06-30 09:00:00,26115,7.596202850341797
2023-06-30 10:00:00,26115,7.631687164306641
2023-06-30 11:00:00,26115,8.041206359863281
2023-06-30 12:00:00,26115,9.563249588012695
2023-06-30 13:00:00,26115,12.062971115112305
2023-06-30 14:00:00,26115,13.807327270507812
2023-06-30 15:00:00,26115,13.974370002746582
2023-06-30 16:00:00,26115,13.764864921569824
2023-06-30 17:00:00,26115,12.99860954284668
2023-06-30 18:00:00,26115,12.254792213439941
2023-06-30 19:00:00,26115,11.965786933898926
2023-06-30 20:00:00,26115,12.075294494628906
2023-06-30 21:00:00,26115,12.171775817871094
2023-06-30 22:00:00,26115,12.163209915161133
2023-06-30 23:00:00,26115,11.47492790222168
2023-07-01 00:00:00,26115,10.858621597290039
2023-06-30 01:00:00,26117,0.23344071209430695
2023-06-30 02:00:00,26117,0.2334318459033966
2023-06-30 03:00:00,26117,0.2255573272705078
2023-06-30 04:00:00,26117,0.2310042828321457
2023-06-30 05:00:00,26117,0.25581640005111694
2023-06-30 06:00:00,26117,0.24827679991722107
2023-06-30 07:00:00,26117,0.23260244727134705
2023-06-30 08:00:00,26117,0.2305629998445511
2023-06-30 09:00:00,26117,0.22509150207042694
2023-06-30 10:00:00,26117,0.23621876537799835
2023-06-30 11:00:00,26117,0.2910536229610443
2023-06-30 12:00:00,26117,0.3877188563346863
2023-06-30 13:00:00,26117,0.605540931224823
2023-06-30 14:00:00,26117,0.7026602625846863
2023-06-30 15:00:00,26117,0.717842698097229
2023-06-30 16:00:00,26117,0.6849096417427063
2023-06-30 17:00:00,26117,0.6456273794174194
2023-06-30 18:00:00,26117,0.615627110004425
2023-06-30 19:00:00,26117,0.6365736126899719
2023-06-30 20:00:00,26117,0.6344273090362549
2023-06-30 21:00:00,26117,0.6492986679077148
2023-06-30 22:00:00,26117,0.6957076191902161
2023-06-30 23:00:00,26117,0.6665610074996948
2023-07-01 00:00:00,26117,0.5464544296264648
2023-06-30 01:00:00,26119,0.014831984415650368
2023-06-30 02:00:00,26119,0.021260838955640793
2023-06-30 03:00:00,26119,0.02499072067439556
2023-06-30 04:00:00,26119,0.023081909865140915
2023-06-30 05:00:00,26119,0.026947151869535446
2023-06-30 06:00:00,26119,0.02458573691546917
2023-06-30 07:00:00,26119,0.015573428943753242
2023-06-30 08:00:00,26119,0.012682037428021431
2023-06-30 09:00:00,26119,0.011168663389980793
2023-06-30 10:00:00,26119,0.013345202431082726
2023-06-30 11:00:00,26119,0.018164731562137604
2023-06-30 12:00:00,26119,0.03551946207880974
2023-06-30 13:00:00,26119,0.08934669941663742
2023-06-30 14:00:00,26119,0.11443769931793213
2023-06-30 15:00:00,26119,0.12107893079519272
2023-06-30 16:00:00,26119,0.11901447921991348
2023-06-30 17:00:00,26119,0.10798577964305878
2023-06-30 18:00:00,26119,0.10379137098789215
2023-06-30 19:00:00,26119,0.10884382575750351
2023-06-30 20:00:00,26119,0.11416888236999512
2023-06-30 21:00:00,26119,0.11688725650310516
2023-06-30 22:00:00,26119,0.1143764853477478
2023-06-30 23:00:00,26119,0.1116226315498352
2023-07-01 00:00:00,26119,0.08688613027334213
2023-06-30 01:00:00,26121,1.2830628156661987
2023-06-30 02:00:00,26121,1.3223429918289185
2023-06-30 03:00:00,26121,1.3619667291641235
2023-06-30 04:00:00,26121,1.443642020225525
2023-06-30 05:00:00,26121,1.5967655181884766
2023-06-30 06:00:00,26121,1.6704988479614258
2023-06-30 07:00:00,26121,1.6765409708023071
2023-06-30 08:00:00,26121,1.6914103031158447
2023-06-30 09:00:00,26121,1.6654126644134521
2023-06-30 10:00:00,26121,1.7652842998504639
2023-06-30 11:00:00,26121,1.9820696115493774
2023-06-30 12:00:00,26121,2.8919007778167725
2023-06-30 13:00:00,26121,4.547928810119629
2023-06-30 14:00:00,26121,5.099571704864502
2023-06-30 15:00:00,26121,4.9865546226501465
2023-06-30 16:00:00,26121,4.806088924407959
2023-06-30 17:00:00,26121,4.474188327789307
2023-06-30 18:00:00,26121,4.090493202209473
2023-06-30 19:00:00,26121,3.998159885406494
2023-06-30 20:00:00,26121,3.9773471355438232
2023-06-30 21:00:00,26121,4.049273490905762
2023-06-30 22:00:00,26121,3.988035202026367
2023-06-30 23:00:00,26121,3.8724567890167236
2023-07-01 00:00:00,26121,3.0442776679992676
2023-06-30 01:00:00,26123,0.16248515248298645
2023-06-30 02:00:00,26123,0.16984061896800995
2023-06-30 03:00:00,26123,0.18205735087394714
2023-06-30 04:00:00,26123,0.17315714061260223
2023-06-30 05:00:00,26123,0.18853408098220825
2023-06-30 06:00:00,26123,0.1751185655593872
2023-06-30 07:00:00,26123,0.15409669280052185
2023-06-30 08:00:00,26123,0.14465810358524323
2023-06-30 09:00:00,26123,0.1478785276412964
2023-06-30 10:00:00,26123,0.1552247852087021
2023-06-30 11:00:00,26123,0.1846618801355362
2023-06-30 12:00:00,26123,0.2714466452598572
2023-06-30 13:00:00,26123,0.37478721141815186
2023-06-30 14:00:00,26123,0.45193877816200256
2023-06-30 15:00:00,26123,0.46075040102005005
2023-06-30 16:00:00,26123,0.45431193709373474
2023-06-30 17:00:00,26123,0.43555140495300293
2023-06-30 18:00:00,26123,0.41763386130332947
2023-06-30 19:00:00,26123,0.4310189187526703
2023-06-30 20:00:00,26123,0.43645405769348145
2023-06-30 21:00:00,26123,0.43637165427207947
2023-06-30 22:00:00,26123,0.4296085834503174
2023-06-30 23:00:00,26123,0.4211161136627197
2023-07-01 00:00:00,26123,0.33380842208862305
2023-06-30 01:00:00,26125,112.35429382324219
2023-06-30 02:00:00,26125,114.45076751708984
2023-06-30 03:00:00,26125,112.76900482177734
2023-06-30 04:00:00,26125,109.12120056152344
2023-06-30 05:00:00,26125,108.53607177734375
2023-06-30 06:00:00,26125,107.65412902832031
2023-06-30 07:00:00,26125,105.3723373413086
2023-06-30 08:00:00,26125,106.90081787109375
2023-06-30 09:00:00,26125,107.63236999511719
2023-06-30 10:00:00,26125,108.70680236816406
2023-06-30 11:00:00,26125,112.95855712890625
2023-06-30 12:00:00,26125,131.310546875
2023-06-30 13:00:00,26125,165.2869415283203
2023-06-30 14:00:00,26125,188.7725830078125
2023-06-30 15:00:00,26125,191.62673950195312
2023-06-30 16:00:00,26125,188.23818969726562
2023-06-30 17:00:00,26125,175.51797485351562
2023-06-30 18:00:00,26125,166.15219116210938
2023-06-30 19:00:00,26125,160.38748168945312
2023-06-30 20:00:00,26125,160.68081665039062
2023-06-30 21:00:00,26125,161.32601928710938
2023-06-30 22:00:00,26125,160.65133666992188
2023-06-30 23:00:00,26125,156.3206787109375
2023-07-01 00:00:00,26125,148.1184844970703
2023-06-30 01:00:00,26127,0.07957544177770615
2023-06-30 02:00:00,26127,0.08761611580848694
2023-06-30 03:00:00,26127,0.10845428705215454
2023-06-30 04:00:00,26127,0.11630930751562119
2023-06-30 05:00:00,26127,0.13685207068920135
2023-06-30 06:00:00,26127,0.1404104232788086
2023-06-30 07:00:00,26127,0.1293378621339798
2023-06-30 08:00:00,26127,0.12329308688640594
2023-06-30 09:00:00,26127,0.12372364103794098
2023-06-30 10:00:00,26127,0.12485907971858978
2023-06-30 11:00:00,26127,0.1551671326160431
2023-06-30 12:00:00,26127,0.19404684007167816
2023-06-30 13:00:00,26127,0.33784905076026917
2023-06-30 14:00:00,26127,0.3992548882961273
2023-06-30 15:00:00,26127,0.36761122941970825
2023-06-30 16:00:00,26127,0.3577028810977936
2023-06-30 17:00:00,26127,0.32838934659957886
2023-06-30 18:00:00,26127,0.3046942949295044
2023-06-30 19:00:00,26127,0.3102806508541107
2023-06-30 20:00:00,26127,0.324618399143219
2023-06-30 21:00:00,26127,0.364076167345047
2023-06-30 22:00:00,26127,0.3742519021034241
2023-06-30 23:00:00,26127,0.39255163073539734
2023-07-01 00:00:00,26127,0.3307967185974121
2023-06-30 01:00:00,26129,0.12428666651248932
2023-06-30 02:00:00,26129,0.14347372949123383
2023-06-30 03:00:00,26129,0.15570266544818878
2023-06-30 04:00:00,26129,0.150615856051445
2023-06-30 05:00:00,26129,0.17157131433486938
2023-06-30 06:00:00,26129,0.1809656172990799
2023-06-30 07:00:00,26129,0.167464941740036
2023-06-30 08:00:00,26129,0.16623073816299438
2023-06-30 09:00:00,26129,0.16187477111816406
2023-06-30 10:00:00,26129,0.16556139290332794
2023-06-30 11:00:00,26129,0.18158341944217682
2023-06-30 12:00:00,26129,0.22040441632270813
2023-06-30 13:00:00,26129,0.34016451239585876
2023-06-30 14:00:00,26129,0.3751504123210907
2023-06-30 15:00:00,26129,0.3810357451438904
2023-06-30 16:00:00,26129,0.3820469379425049
2023-06-30 17:00:00,26129,0.37041932344436646
2023-06-30 18:00:00,26129,0.3672555088996887
2023-06-30 19:00:00,26129,0.3648802936077118
2023-06-30 20:00:00,26129,0.37904536724090576
2023-06-30 21:00:00,26129,0.3948020040988922
2023-06-30 22:00:00,26129,0.4114026427268982
2023-06-30 23:00:00,26129,0.40664786100387573
2023-07-01 00:00:00,26129,0.38188669085502625
2023-06-30 01:00:00,26131,0.31236234307289124
2023-06-30 02:00:00,26131,0.3305422365665436
2023-06-30 03:00:00,26131,0.34405726194381714
2023-06-30 04:00:00,26131,0.33610206842422485
2023-06-30 05:00:00,26131,0.3442581593990326
2023-06-30 06:00:00,26131,0.3530047833919525
2023-06-30 07:00:00,26131,0.3168414533138275
2023-06-30 08:00:00,26131,0.30556362867355347
2023-06-30 09:00:00,26131,0.298536092042923
2023-06-30 10:00:00,26131,0.2587318420410156
2023-06-30 11:00:00,26131,0.2593449056148529
2023-06-30 12:00:00,26131,0.27658089995384216
2023-06-30 13:00:00,26131,0.2977388799190521
2023-06-30 14:00:00,26131,0.29693710803985596
2023-06-30 15:00:00,26131,0.2921556830406189
2023-06-30 16:00:00,26131,0.27424293756484985
2023-06-30 17:00:00,26131,0.28098779916763306
2023-06-30 18:00:00,26131,0.2517051100730896
2023-06-30 19:00:00,26131,0.2503962516784668
2023-06-30 20:00:00,26131,0.23808689415454865
2023-06-30 21:00:00,26131,0.2576194405555725
2023-06-30 22:00:00,26131,0.25835931301116943
2023-06-30 23:00:00,26131,0.2697954773902893
2023-07-01 00:00:00,26131,0.23940713703632355
2023-06-30 01:00:00,26133,0.06822341680526733
2023-06-30 02:00:00,26133,0.05765484645962715
2023-06-30 03:00:00,26133,0.04771854728460312
2023-06-30 04:00:00,26133,0.04660125449299812
2023-06-30 05:00:00,26133,0.051615726202726364
2023-06-30 06:00:00,26133,0.053788263350725174
2023-06-30 07:00:00,26133,0.046119607985019684
2023-06-30 08:00:00,26133,0.04562569409608841
2023-06-30 09:00:00,26133,0.04681064933538437
2023-06-30 10:00:00,26133,0.050915997475385666
2023-06-30 11:00:00,26133,0.06135919690132141
2023-06-30 12:00:00,26133,0.08204136043787003
2023-06-30 13:00:00,26133,0.17085430026054382
2023-06-30 14:00:00,26133,0.20057611167430878
2023-06-30 15:00:00,26133,0.20222949981689453
2023-06-30 16:00:00,26133,0.19546213746070862
2023-06-30 17:00:00,26133,0.18361367285251617
2023-06-30 18:00:00,26133,0.18353328108787537
2023-06-30 19:00:00,26133,0.18766877055168152
2023-06-30 20:00:00,26133,0.20125022530555725
2023-06-30 21:00:00,26133,0.20315809547901154
2023-06-30 22:00:00,26133,0.22838743031024933
2023-06-30 23:00:00,26133,0.2426600456237793
2023-07-01 00:00:00,26133,0.20633983612060547
2023-06-30 01:00:00,26135,0.005693198647350073
2023-06-30 02:00:00,26135,0.009030977264046669
2023-06-30 03:00:00,26135,0.011689207516610622
2023-06-30 04:00:00,26135,0.01504642702639103
2023-06-30 05:00:00,26135,0.018269028514623642
2023-06-30 06:00:00,26135,0.02051156386733055
2023-06-30 07:00:00,26135,0.013775299303233624
2023-06-30 08:00:00,26135,0.015259060077369213
2023-06-30 09:00:00,26135,0.013792249374091625
2023-06-30 10:00:00,26135,0.01497834362089634
2023-06-30 11:00:00,26135,0.023012803867459297
2023-06-30 12:00:00,26135,0.04085206240415573
2023-06-30 13:00:00,26135,0.08726070821285248
2023-06-30 14:00:00,26135,0.11489298194646835
2023-06-30 15:00:00,26135,0.1200210303068161
2023-06-30 16:00:00,26135,0.11631101369857788
2023-06-30 17:00:00,26135,0.10929300636053085
2023-06-30 18:00:00,26135,0.10831831395626068
2023-06-30 19:00:00,26135,0.11025633662939072
2023-06-30 20:00:00,26135,0.13343235850334167
2023-06-30 21:00:00,26135,0.1304275393486023
2023-06-30 22:00:00,26135,0.13269785046577454
2023-06-30 23:00:00,26135,0.1208731159567833
2023-07-01 00:00:00,26135,0.10352097451686859
2023-06-30 01:00:00,26137,0.029993046075105667
2023-06-30 02:00:00,26137,0.035948820412158966
2023-06-30 03:00:00,26137,0.0449150986969471
2023-06-30 04:00:00,26137,0.04630490392446518
2023-06-30 05:00:00,26137,0.05326610058546066
2023-06-30 06:00:00,26137,0.05316739156842232
2023-06-30 07:00:00,26137,0.041480790823698044
2023-06-30 08:00:00,26137,0.03717285767197609
2023-06-30 09:00:00,26137,0.03246666491031647
2023-06-30 10:00:00,26137,0.03701347857713699
2023-06-30 11:00:00,26137,0.04696187749505043
2023-06-30 12:00:00,26137,0.11261308193206787
2023-06-30 13:00:00,26137,0.172921821475029
2023-06-30 14:00:00,26137,0.22114297747612
2023-06-30 15:00:00,26137,0.23039865493774414
2023-06-30 16:00:00,26137,0.2231474220752716
2023-06-30 17:00:00,26137,0.20435819029808044
2023-06-30 18:00:00,26137,0.19614264369010925
2023-06-30 19:00:00,26137,0.1980184018611908
2023-06-30 20:00:00,26137,0.2038079798221588
2023-06-30 21:00:00,26137,0.20673713088035583
2023-06-30 22:00:00,26137,0.20114469528198242
2023-06-30 23:00:00,26137,0.185348242521286
2023-07-01 00:00:00,26137,0.14696961641311646
2023-06-30 01:00:00,26139,0.9460481405258179
2023-06-30 02:00:00,26139,0.978959858417511
2023-06-30 03:00:00,26139,1.024122714996338
2023-06-30 04:00:00,26139,1.051354169845581
2023-06-30 05:00:00,26139,1.2166364192962646
2023-06-30 06:00:00,26139,1.2340487241744995
2023-06-30 07:00:00,26139,1.2015916109085083
2023-06-30 08:00:00,26139,1.1781854629516602
2023-06-30 09:00:00,26139,1.2041289806365967
2023-06-30 10:00:00,26139,1.2506535053253174
2023-06-30 11:00:00,26139,1.416223168373108
2023-06-30 12:00:00,26139,2.0631914138793945
2023-06-30 13:00:00,26139,2.8699569702148438
2023-06-30 14:00:00,26139,3.277148723602295
2023-06-30 15:00:00,26139,3.266209363937378
2023-06-30 16:00:00,26139,3.220733165740967
2023-06-30 17:00:00,26139,2.974726676940918
2023-06-30 18:00:00,26139,2.6928770542144775
2023-06-30 19:00:00,26139,2.633518695831299
2023-06-30 20:00:00,26139,2.6517508029937744
2023-06-30 21:00:00,26139,2.646287441253662
2023-06-30 22:00:00,26139,2.5933730602264404
2023-06-30 23:00:00,26139,2.5338404178619385
2023-07-01 00:00:00,26139,2.0452487468719482
2023-06-30 01:00:00,26141,0.0807635709643364
2023-06-30 02:00:00,26141,0.08701816201210022
2023-06-30 03:00:00,26141,0.08731475472450256
2023-06-30 04:00:00,26141,0.09106064587831497
2023-06-30 05:00:00,26141,0.11065772920846939
2023-06-30 06:00:00,26141,0.10619882494211197
2023-06-30 07:00:00,26141,0.09094426035881042
2023-06-30 08:00:00,26141,0.09457603842020035
2023-06-30 09:00:00,26141,0.09565374255180359
2023-06-30 10:00:00,26141,0.11001437902450562
2023-06-30 11:00:00,26141,0.14339132606983185
2023-06-30 12:00:00,26141,0.1804545819759369
2023-06-30 13:00:00,26141,0.29786959290504456
2023-06-30 14:00:00,26141,0.37928956747055054
2023-06-30 15:00:00,26141,0.37999609112739563
2023-06-30 16:00:00,26141,0.36158129572868347
2023-06-30 17:00:00,26141,0.32864195108413696
2023-06-30 18:00:00,26141,0.30059003829956055
2023-06-30 19:00:00,26141,0.3010261654853821
2023-06-30 20:00:00,26141,0.30263370275497437
2023-06-30 21:00:00,26141,0.3079390227794647
2023-06-30 22:00:00,26141,0.3062278628349304
2023-06-30 23:00:00,26141,0.2873106598854065
2023-07-01 00:00:00,26141,0.24345937371253967
2023-06-30 01:00:00,26143,0.42408737540245056
2023-06-30 02:00:00,26143,0.3561835289001465
2023-06-30 03:00:00,26143,0.17378665506839752
2023-06-30 04:00:00,26143,0.1548619419336319
2023-06-30 05:00:00,26143,0.1485527902841568
2023-06-30 06:00:00,26143,0.1506117284297943
2023-06-30 07:00:00,26143,0.12513738870620728
2023-06-30 08:00:00,26143,0.11819107830524445
2023-06-30 09:00:00,26143,0.11559144407510757
2023-06-30 10:00:00,26143,0.1255713552236557
2023-06-30 11:00:00,26143,0.1569235622882843
2023-06-30 12:00:00,26143,0.21194186806678772
2023-06-30 13:00:00,26143,0.34367531538009644
2023-06-30 14:00:00,26143,0.40757402777671814
2023-06-30 15:00:00,26143,0.42175278067588806
2023-06-30 16:00:00,26143,0.416168212890625
2023-06-30 17:00:00,26143,0.38816431164741516
2023-06-30 18:00:00,26143,0.36945557594299316
2023-06-30 19:00:00,26143,0.3722437024116516
2023-06-30 20:00:00,26143,0.3905330300331116
2023-06-30 21:00:00,26143,0.39788007736206055
2023-06-30 22:00:00,26143,0.4001948833465576
2023-06-30 23:00:00,26143,0.38322561979293823
2023-07-01 00:00:00,26143,0.31500673294067383
2023-06-30 01:00:00,26145,3.381291627883911
2023-06-30 02:00:00,26145,2.674142360687256
2023-06-30 03:00:00,26145,1.9094539880752563
2023-06-30 04:00:00,26145,1.6778990030288696
2023-06-30 05:00:00,26145,1.5729727745056152
2023-06-30 06:00:00,26145,1.5361703634262085
2023-06-30 07:00:00,26145,1.41041898727417
2023-06-30 08:00:00,26145,1.4155099391937256
2023-06-30 09:00:00,26145,1.4153354167938232
2023-06-30 10:00:00,26145,1.4827697277069092
2023-06-30 11:00:00,26145,1.6632503271102905
2023-06-30 12:00:00,26145,2.1394028663635254
2023-06-30 13:00:00,26145,3.2798657417297363
2023-06-30 14:00:00,26145,3.7165958881378174
2023-06-30 15:00:00,26145,3.6880314350128174
2023-06-30 16:00:00,26145,3.612139940261841
2023-06-30 17:00:00,26145,3.2735683917999268
2023-06-30 18:00:00,26145,3.1162891387939453
2023-06-30 19:00:00,26145,3.095592975616455
2023-06-30 20:00:00,26145,3.0934247970581055
2023-06-30 21:00:00,26145,3.1093716621398926
2023-06-30 22:00:00,26145,3.1728105545043945
2023-06-30 23:00:00,26145,3.0700674057006836
2023-07-01 00:00:00,26145,2.8854823112487793
2023-06-30 01:00:00,26147,32.378334045410156
2023-06-30 02:00:00,26147,24.324844360351562
2023-06-30 03:00:00,26147,18.721088409423828
2023-06-30 04:00:00,26147,15.36998176574707
2023-06-30 05:00:00,26147,13.917314529418945
2023-06-30 06:00:00,26147,13.0655517578125
2023-06-30 07:00:00,26147,11.859196662902832
2023-06-30 08:00:00,26147,11.410993576049805
2023-06-30 09:00:00,26147,10.893930435180664
2023-06-30 10:00:00,26147,10.265459060668945
2023-06-30 11:00:00,26147,10.343109130859375
2023-06-30 12:00:00,26147,11.504005432128906
2023-06-30 13:00:00,26147,14.321174621582031
2023-06-30 14:00:00,26147,16.242450714111328
2023-06-30 15:00:00,26147,16.105453491210938
2023-06-30 16:00:00,26147,15.899065017700195
2023-06-30 17:00:00,26147,14.794807434082031
2023-06-30 18:00:00,26147,13.826698303222656
2023-06-30 19:00:00,26147,13.352714538574219
2023-06-30 20:00:00,26147,13.506368637084961
2023-06-30 21:00:00,26147,13.524131774902344
2023-06-30 22:00:00,26147,13.762624740600586
2023-06-30 23:00:00,26147,13.634167671203613
2023-07-01 00:00:00,26147,13.291418075561523
2023-06-30 01:00:00,26149,0.7698320746421814
2023-06-30 02:00:00,26149,0.8122819662094116
2023-06-30 03:00:00,26149,0.8458786010742188
2023-06-30 04:00:00,26149,0.8369321823120117
2023-06-30 05:00:00,26149,0.9221814274787903
2023-06-30 06:00:00,26149,0.9238163232803345
2023-06-30 07:00:00,26149,0.861729621887207
2023-06-30 08:00:00,26149,0.8581596612930298
2023-06-30 09:00:00,26149,0.8688729405403137
2023-06-30 10:00:00,26149,0.868899941444397
2023-06-30 11:00:00,26149,1.0069986581802368
2023-06-30 12:00:00,26149,1.4974474906921387
2023-06-30 13:00:00,26149,2.1223769187927246
2023-06-30 14:00:00,26149,2.42262601852417
2023-06-30 15:00:00,26149,2.4559383392333984
2023-06-30 16:00:00,26149,2.400195837020874
2023-06-30 17:00:00,26149,2.2543327808380127
2023-06-30 18:00:00,26149,2.0842092037200928
2023-06-30 19:00:00,26149,2.02228045463562
2023-06-30 20:00:00,26149,2.091109037399292
2023-06-30 21:00:00,26149,2.1504993438720703
2023-06-30 22:00:00,26149,2.234844446182251
2023-06-30 23:00:00,26149,2.1683733463287354
2023-07-01 00:00:00,26149,1.909900426864624
2023-06-30 01:00:00,26151,1.016633152961731
2023-06-30 02:00:00,26151,1.025659441947937
2023-06-30 03:00:00,26151,1.0130146741867065
2023-06-30 04:00:00,26151,0.9834930300712585
2023-06-30 05:00:00,26151,1.0279194116592407
2023-06-30 06:00:00,26151,1.0017249584197998
2023-06-30 07:00:00,26151,0.9588357210159302
2023-06-30 08:00:00,26151,0.9516857266426086
2023-06-30 09:00:00,26151,0.9478034973144531
2023-06-30 10:00:00,26151,0.9612467885017395
2023-06-30 11:00:00,26151,1.0544575452804565
2023-06-30 12:00:00,26151,1.483845591545105
2023-06-30 13:00:00,26151,2.576528310775757
2023-06-30 14:00:00,26151,3.1153740882873535
2023-06-30 15:00:00,26151,3.0985660552978516
2023-06-30 16:00:00,26151,3.071974515914917
2023-06-30 17:00:00,26151,2.9179491996765137
2023-06-30 18:00:00,26151,2.7168047428131104
2023-06-30 19:00:00,26151,2.655195713043213
2023-06-30 20:00:00,26151,2.65718412399292
2023-06-30 21:00:00,26151,2.6501433849334717
2023-06-30 22:00:00,26151,2.6814496517181396
2023-06-30 23:00:00,26151,2.3794989585876465
2023-07-01 00:00:00,26151,2.118712902069092
2023-06-30 01:00:00,26153,0.002905061934143305
2023-06-30 02:00:00,26153,0.010643470101058483
2023-06-30 03:00:00,26153,0.02067066729068756
2023-06-30 04:00:00,26153,0.022995416074991226
2023-06-30 05:00:00,26153,0.031598325818777084
2023-06-30 06:00:00,26153,0.04010950028896332
2023-06-30 07:00:00,26153,0.03292069584131241
2023-06-30 08:00:00,26153,0.027113283053040504
2023-06-30 09:00:00,26153,0.027972538024187088
2023-06-30 10:00:00,26153,0.03201635926961899
2023-06-30 11:00:00,26153,0.03988029807806015
2023-06-30 12:00:00,26153,0.04719898849725723
2023-06-30 13:00:00,26153,0.07773249596357346
2023-06-30 14:00:00,26153,0.09251290559768677
2023-06-30 15:00:00,26153,0.0968945249915123
2023-06-30 16:00:00,26153,0.09326149523258209
2023-06-30 17:00:00,26153,0.08770555257797241
2023-06-30 18:00:00,26153,0.07857906818389893
2023-06-30 19:00:00,26153,0.07844408601522446
2023-06-30 20:00:00,26153,0.0817425474524498
2023-06-30 21:00:00,26153,0.08475209772586823
2023-06-30 22:00:00,26153,0.08610308170318604
2023-06-30 23:00:00,26153,0.09016279131174088
2023-07-01 00:00:00,26153,0.07702922821044922
2023-06-30 01:00:00,26155,0.25704845786094666
2023-06-30 02:00:00,26155,0.27137866616249084
2023-06-30 03:00:00,26155,0.2710753083229065
2023-06-30 04:00:00,26155,0.27189546823501587
2023-06-30 05:00:00,26155,0.2997106611728668
2023-06-30 06:00:00,26155,0.31087684631347656
2023-06-30 07:00:00,26155,0.2872631549835205
2023-06-30 08:00:00,26155,0.27114519476890564
2023-06-30 09:00:00,26155,0.2653852105140686
2023-06-30 10:00:00,26155,0.2644568681716919
2023-06-30 11:00:00,26155,0.2910308241844177
2023-06-30 12:00:00,26155,0.37105172872543335
2023-06-30 13:00:00,26155,0.5705379247665405
2023-06-30 14:00:00,26155,0.6508268713951111
2023-06-30 15:00:00,26155,0.6644357442855835
2023-06-30 16:00:00,26155,0.6602004170417786
2023-06-30 17:00:00,26155,0.6342763304710388
2023-06-30 18:00:00,26155,0.6202002167701721
2023-06-30 19:00:00,26155,0.621277928352356
2023-06-30 20:00:00,26155,0.6349965333938599
2023-06-30 21:00:00,26155,0.6485891938209534
2023-06-30 22:00:00,26155,0.6567445397377014
2023-06-30 23:00:00,26155,0.6363498568534851
2023-07-01 00:00:00,26155,0.5378447771072388
2023-06-30 01:00:00,26157,0.7791205644607544
2023-06-30 02:00:00,26157,0.7610150575637817
2023-06-30 03:00:00,26157,0.7558095455169678
2023-06-30 04:00:00,26157,0.7309646606445312
2023-06-30 05:00:00,26157,0.7494075894355774
2023-06-30 06:00:00,26157,0.717192530632019
2023-06-30 07:00:00,26157,0.6400183439254761
2023-06-30 08:00:00,26157,0.6386370658874512
2023-06-30 09:00:00,26157,0.6375113725662231
2023-06-30 10:00:00,26157,0.6452471613883972
2023-06-30 11:00:00,26157,0.701734185218811
2023-06-30 12:00:00,26157,0.9637005925178528
2023-06-30 13:00:00,26157,1.25312077999115
2023-06-30 14:00:00,26157,1.3958051204681396
2023-06-30 15:00:00,26157,1.4283578395843506
2023-06-30 16:00:00,26157,1.4084713459014893
2023-06-30 17:00:00,26157,1.3355365991592407
2023-06-30 18:00:00,26157,1.2522122859954834
2023-06-30 19:00:00,26157,1.2251795530319214
2023-06-30 20:00:00,26157,1.2300094366073608
2023-06-30 21:00:00,26157,1.2396588325500488
2023-06-30 22:00:00,26157,1.2354706525802612
2023-06-30 23:00:00,26157,1.2088215351104736
2023-07-01 00:00:00,26157,1.1238571405410767
2023-06-30 01:00:00,26159,0.5566104650497437
2023-06-30 02:00:00,26159,0.5912790894508362
2023-06-30 03:00:00,26159,0.6044639348983765
2023-06-30 04:00:00,26159,0.6222085356712341
2023-06-30 05:00:00,26159,0.6492042541503906
2023-06-30 06:00:00,26159,0.6634238958358765
2023-06-30 07:00:00,26159,0.5981801152229309
2023-06-30 08:00:00,26159,0.5960604548454285
2023-06-30 09:00:00,26159,0.6028532385826111
2023-06-30 10:00:00,26159,0.6044200658798218
2023-06-30 11:00:00,26159,0.6487497687339783
2023-06-30 12:00:00,26159,0.808476448059082
2023-06-30 13:00:00,26159,1.3580833673477173
2023-06-30 14:00:00,26159,1.636091947555542
2023-06-30 15:00:00,26159,1.6569786071777344
2023-06-30 16:00:00,26159,1.5830657482147217
2023-06-30 17:00:00,26159,1.5453546047210693
2023-06-30 18:00:00,26159,1.4956592321395874
2023-06-30 19:00:00,26159,1.509232521057129
2023-06-30 20:00:00,26159,1.5390733480453491
2023-06-30 21:00:00,26159,1.5586769580841064
2023-06-30 22:00:00,26159,1.639777421951294
2023-06-30 23:00:00,26159,1.4983913898468018
2023-07-01 00:00:00,26159,1.3813620805740356
2023-06-30 01:00:00,26161,71.92535400390625
2023-06-30 02:00:00,26161,71.19194030761719
2023-06-30 03:00:00,26161,69.99408721923828
2023-06-30 04:00:00,26161,68.01322937011719
2023-06-30 05:00:00,26161,66.90950012207031
2023-06-30 06:00:00,26161,66.572265625
2023-06-30 07:00:00,26161,64.66836547851562
2023-06-30 08:00:00,26161,64.41609191894531
2023-06-30 09:00:00,26161,64.296142578125
2023-06-30 10:00:00,26161,64.30496215820312
2023-06-30 11:00:00,26161,67.31793975830078
2023-06-30 12:00:00,26161,77.24116516113281
2023-06-30 13:00:00,26161,99.21726989746094
2023-06-30 14:00:00,26161,117.6549072265625
2023-06-30 15:00:00,26161,120.55332946777344
2023-06-30 16:00:00,26161,116.0764389038086
2023-06-30 17:00:00,26161,111.10237884521484
2023-06-30 18:00:00,26161,106.32228088378906
2023-06-30 19:00:00,26161,103.97349548339844
2023-06-30 20:00:00,26161,104.6158676147461
2023-06-30 21:00:00,26161,104.73866271972656
2023-06-30 22:00:00,26161,104.16165924072266
2023-06-30 23:00:00,26161,98.20833587646484
2023-07-01 00:00:00,26161,93.34842681884766
2023-06-30 01:00:00,26163,788.8784790039062
2023-06-30 02:00:00,26163,772.4992065429688
2023-06-30 03:00:00,26163,735.2459716796875
2023-06-30 04:00:00,26163,675.9183349609375
2023-06-30 05:00:00,26163,622.8253784179688
2023-06-30 06:00:00,26163,569.6620483398438
2023-06-30 07:00:00,26163,523.8283081054688
2023-06-30 08:00:00,26163,505.5274353027344
2023-06-30 09:00:00,26163,480.25225830078125
2023-06-30 10:00:00,26163,449.09979248046875
2023-06-30 11:00:00,26163,435.8876953125
2023-06-30 12:00:00,26163,491.2073669433594
2023-06-30 13:00:00,26163,557.8102416992188
2023-06-30 14:00:00,26163,632.2620849609375
2023-06-30 15:00:00,26163,640.3831176757812
2023-06-30 16:00:00,26163,643.9102172851562
2023-06-30 17:00:00,26163,606.9137573242188
2023-06-30 18:00:00,26163,567.1061401367188
2023-06-30 19:00:00,26163,548.4492797851562
2023-06-30 20:00:00,26163,531.9032592773438
2023-06-30 21:00:00,26163,538.9976806640625
2023-06-30 22:00:00,26163,533.8353881835938
2023-06-30 23:00:00,26163,509.68804931640625
2023-07-01 00:00:00,26163,493.8794860839844
2023-06-30 01:00:00,26165,0.1775268018245697
2023-06-30 02:00:00,26165,0.1765436828136444
2023-06-30 03:00:00,26165,0.17181889712810516
2023-06-30 04:00:00,26165,0.16277053952217102
2023-06-30 05:00:00,26165,0.12937569618225098
2023-06-30 06:00:00,26165,0.12390375137329102
2023-06-30 07:00:00,26165,0.12066961824893951
2023-06-30 08:00:00,26165,0.10697976499795914
2023-06-30 09:00:00,26165,0.10655993223190308
2023-06-30 10:00:00,26165,0.11833544075489044
2023-06-30 11:00:00,26165,0.1488916575908661
2023-06-30 12:00:00,26165,0.18462225794792175
2023-06-30 13:00:00,26165,0.27288562059402466
2023-06-30 14:00:00,26165,0.3144778609275818
2023-06-30 15:00:00,26165,0.3152685761451721
2023-06-30 16:00:00,26165,0.3092256784439087
2023-06-30 17:00:00,26165,0.3049298822879791
2023-06-30 18:00:00,26165,0.2953663766384125
2023-06-30 19:00:00,26165,0.2981484532356262
2023-06-30 20:00:00,26165,0.38922420144081116
2023-06-30 21:00:00,26165,0.42042022943496704
2023-06-30 22:00:00,26165,0.4295802116394043
2023-06-30 23:00:00,26165,0.4183805584907532
2023-07-01 00:00:00,26165,0.36827027797698975
